--
-- PostgreSQL database dump
--

\restrict aUqK7jt6qGrQfKLPi8MrLcJS0zrYVDH6NFdbUMETRAMkrdIPoJY7xt1C6JbyG5k

-- Dumped from database version 17.7 (Debian 17.7-3.pgdg13+1)
-- Dumped by pg_dump version 17.6

-- Started on 2025-12-15 08:27:41

SET statement_timeout = 0;
SET lock_timeout = 0;
SET idle_in_transaction_session_timeout = 0;
SET transaction_timeout = 0;
SET client_encoding = 'UTF8';
SET standard_conforming_strings = on;
SELECT pg_catalog.set_config('search_path', '', false);
SET check_function_bodies = false;
SET xmloption = content;
SET client_min_messages = warning;
SET row_security = off;

--
-- TOC entry 1125 (class 1247 OID 18911)
-- Name: achievements_type_enum; Type: TYPE; Schema: public; Owner: postgres
--

CREATE TYPE public.achievements_type_enum AS ENUM (
    'EVENT_COUNT',
    'PROPERTY_CHECK',
    'STREAK'
);


ALTER TYPE public.achievements_type_enum OWNER TO postgres;

--
-- TOC entry 942 (class 1247 OID 20108)
-- Name: ai_subject_generations_status_enum; Type: TYPE; Schema: public; Owner: postgres
--

CREATE TYPE public.ai_subject_generations_status_enum AS ENUM (
    'PENDING',
    'USED'
);


ALTER TYPE public.ai_subject_generations_status_enum OWNER TO postgres;

--
-- TOC entry 954 (class 1247 OID 19401)
-- Name: attendances_status_enum; Type: TYPE; Schema: public; Owner: postgres
--

CREATE TYPE public.attendances_status_enum AS ENUM (
    'PRESENT',
    'ABSENT'
);


ALTER TYPE public.attendances_status_enum OWNER TO postgres;

--
-- TOC entry 957 (class 1247 OID 19421)
-- Name: base_credentials_type_enum; Type: TYPE; Schema: public; Owner: postgres
--

CREATE TYPE public.base_credentials_type_enum AS ENUM (
    'CERTIFICATE',
    'PRIZE',
    'ACHIEVEMENT'
);


ALTER TYPE public.base_credentials_type_enum OWNER TO postgres;

--
-- TOC entry 978 (class 1247 OID 18335)
-- Name: coaches_verification_status_enum; Type: TYPE; Schema: public; Owner: postgres
--

CREATE TYPE public.coaches_verification_status_enum AS ENUM (
    'UNVERIFIED',
    'PENDING',
    'REJECTED',
    'VERIFIED'
);


ALTER TYPE public.coaches_verification_status_enum OWNER TO postgres;

--
-- TOC entry 1134 (class 1247 OID 18940)
-- Name: configurations_data_type_enum; Type: TYPE; Schema: public; Owner: postgres
--

CREATE TYPE public.configurations_data_type_enum AS ENUM (
    'string',
    'number',
    'boolean',
    'json'
);


ALTER TYPE public.configurations_data_type_enum OWNER TO postgres;

--
-- TOC entry 1077 (class 1247 OID 18716)
-- Name: courses_learning_format_enum; Type: TYPE; Schema: public; Owner: postgres
--

CREATE TYPE public.courses_learning_format_enum AS ENUM (
    'INDIVIDUAL',
    'GROUP'
);


ALTER TYPE public.courses_learning_format_enum OWNER TO postgres;

--
-- TOC entry 1074 (class 1247 OID 18709)
-- Name: courses_level_enum; Type: TYPE; Schema: public; Owner: postgres
--

CREATE TYPE public.courses_level_enum AS ENUM (
    'BEGINNER',
    'INTERMEDIATE',
    'ADVANCED'
);


ALTER TYPE public.courses_level_enum OWNER TO postgres;

--
-- TOC entry 1080 (class 1247 OID 18722)
-- Name: courses_status_enum; Type: TYPE; Schema: public; Owner: postgres
--

CREATE TYPE public.courses_status_enum AS ENUM (
    'PENDING_APPROVAL',
    'APPROVED',
    'REJECTED',
    'CANCELLED',
    'COMPLETED',
    'FULL',
    'READY_OPENED',
    'ON_GOING'
);


ALTER TYPE public.courses_status_enum OWNER TO postgres;

--
-- TOC entry 972 (class 1247 OID 18316)
-- Name: credentials_type_enum; Type: TYPE; Schema: public; Owner: postgres
--

CREATE TYPE public.credentials_type_enum AS ENUM (
    'CERTIFICATE',
    'PRIZE',
    'ACHIEVEMENT'
);


ALTER TYPE public.credentials_type_enum OWNER TO postgres;

--
-- TOC entry 951 (class 1247 OID 19383)
-- Name: enrollments_status_enum; Type: TYPE; Schema: public; Owner: postgres
--

CREATE TYPE public.enrollments_status_enum AS ENUM (
    'PENDING_GROUP',
    'CONFIRMED',
    'LEARNING',
    'UNPAID',
    'CANCELLED',
    'DONE'
);


ALTER TYPE public.enrollments_status_enum OWNER TO postgres;

--
-- TOC entry 1017 (class 1247 OID 18507)
-- Name: learner_progresses_status_enum; Type: TYPE; Schema: public; Owner: postgres
--

CREATE TYPE public.learner_progresses_status_enum AS ENUM (
    'IN_PROGRESS',
    'COMPLETED',
    'DROPPED_OUT'
);


ALTER TYPE public.learner_progresses_status_enum OWNER TO postgres;

--
-- TOC entry 1023 (class 1247 OID 18528)
-- Name: learner_videos_status_enum; Type: TYPE; Schema: public; Owner: postgres
--

CREATE TYPE public.learner_videos_status_enum AS ENUM (
    'UPLOADING',
    'READY',
    'ERROR',
    'ANALYZING'
);


ALTER TYPE public.learner_videos_status_enum OWNER TO postgres;

--
-- TOC entry 1116 (class 1247 OID 18886)
-- Name: learners_learning_goal_enum; Type: TYPE; Schema: public; Owner: postgres
--

CREATE TYPE public.learners_learning_goal_enum AS ENUM (
    'BEGINNER',
    'INTERMEDIATE',
    'ADVANCED'
);


ALTER TYPE public.learners_learning_goal_enum OWNER TO postgres;

--
-- TOC entry 1113 (class 1247 OID 18878)
-- Name: learners_skill_level_enum; Type: TYPE; Schema: public; Owner: postgres
--

CREATE TYPE public.learners_skill_level_enum AS ENUM (
    'BEGINNER',
    'INTERMEDIATE',
    'ADVANCED'
);


ALTER TYPE public.learners_skill_level_enum OWNER TO postgres;

--
-- TOC entry 939 (class 1247 OID 19369)
-- Name: notifications_type_enum; Type: TYPE; Schema: public; Owner: postgres
--

CREATE TYPE public.notifications_type_enum AS ENUM (
    'INFO',
    'SUCCESS',
    'ERROR'
);


ALTER TYPE public.notifications_type_enum OWNER TO postgres;

--
-- TOC entry 1005 (class 1247 OID 18446)
-- Name: payments_status_enum; Type: TYPE; Schema: public; Owner: postgres
--

CREATE TYPE public.payments_status_enum AS ENUM (
    'PENDING',
    'PAID',
    'CANCELLED',
    'EXPIRED',
    'FAILED'
);


ALTER TYPE public.payments_status_enum OWNER TO postgres;

--
-- TOC entry 984 (class 1247 OID 18357)
-- Name: request_actions_type_enum; Type: TYPE; Schema: public; Owner: postgres
--

CREATE TYPE public.request_actions_type_enum AS ENUM (
    'APPROVED',
    'REJECTED'
);


ALTER TYPE public.request_actions_type_enum OWNER TO postgres;

--
-- TOC entry 990 (class 1247 OID 18384)
-- Name: requests_status_enum; Type: TYPE; Schema: public; Owner: postgres
--

CREATE TYPE public.requests_status_enum AS ENUM (
    'PENDING',
    'APPROVED',
    'REJECTED'
);


ALTER TYPE public.requests_status_enum OWNER TO postgres;

--
-- TOC entry 936 (class 1247 OID 20096)
-- Name: requests_type_enum; Type: TYPE; Schema: public; Owner: postgres
--

CREATE TYPE public.requests_type_enum AS ENUM (
    'COURSE-APPROVAL',
    'COURSE-CANCELLATION',
    'COACH-VERIFICATION',
    'COACH-UPDATE-VERIFICATION',
    'COURSE-UPDATE-APPROVAL'
);


ALTER TYPE public.requests_type_enum OWNER TO postgres;

--
-- TOC entry 999 (class 1247 OID 18422)
-- Name: schedules_day_of_week_enum; Type: TYPE; Schema: public; Owner: postgres
--

CREATE TYPE public.schedules_day_of_week_enum AS ENUM (
    'Monday',
    'Tuesday',
    'Wednesday',
    'Thursday',
    'Friday',
    'Saturday',
    'Sunday'
);


ALTER TYPE public.schedules_day_of_week_enum OWNER TO postgres;

--
-- TOC entry 1092 (class 1247 OID 18799)
-- Name: sessions_status_enum; Type: TYPE; Schema: public; Owner: postgres
--

CREATE TYPE public.sessions_status_enum AS ENUM (
    'PENDING',
    'SCHEDULED',
    'COMPLETED',
    'CANCELLED'
);


ALTER TYPE public.sessions_status_enum OWNER TO postgres;

--
-- TOC entry 1056 (class 1247 OID 18647)
-- Name: subjects_level_enum; Type: TYPE; Schema: public; Owner: postgres
--

CREATE TYPE public.subjects_level_enum AS ENUM (
    'BEGINNER',
    'INTERMEDIATE',
    'ADVANCED'
);


ALTER TYPE public.subjects_level_enum OWNER TO postgres;

--
-- TOC entry 1059 (class 1247 OID 18654)
-- Name: subjects_status_enum; Type: TYPE; Schema: public; Owner: postgres
--

CREATE TYPE public.subjects_status_enum AS ENUM (
    'DRAFT',
    'PUBLISHED'
);


ALTER TYPE public.subjects_status_enum OWNER TO postgres;

--
-- TOC entry 996 (class 1247 OID 18404)
-- Name: video_conference_presence_logs_event_type_enum; Type: TYPE; Schema: public; Owner: postgres
--

CREATE TYPE public.video_conference_presence_logs_event_type_enum AS ENUM (
    'USER_JOIN',
    'USER_LEAVE',
    'CHANNEL_START',
    'CHANNEL_END'
);


ALTER TYPE public.video_conference_presence_logs_event_type_enum OWNER TO postgres;

--
-- TOC entry 1032 (class 1247 OID 18560)
-- Name: videos_status_enum; Type: TYPE; Schema: public; Owner: postgres
--

CREATE TYPE public.videos_status_enum AS ENUM (
    'UPLOADING',
    'READY',
    'ERROR',
    'ANALYZING'
);


ALTER TYPE public.videos_status_enum OWNER TO postgres;

--
-- TOC entry 1101 (class 1247 OID 18843)
-- Name: wallet_transactions_type_enum; Type: TYPE; Schema: public; Owner: postgres
--

CREATE TYPE public.wallet_transactions_type_enum AS ENUM (
    'CREDIT',
    'DEBIT'
);


ALTER TYPE public.wallet_transactions_type_enum OWNER TO postgres;

SET default_tablespace = '';

SET default_table_access_method = heap;

--
-- TOC entry 290 (class 1259 OID 18930)
-- Name: achievement_progresses; Type: TABLE; Schema: public; Owner: postgres
--

CREATE TABLE public.achievement_progresses (
    id integer NOT NULL,
    current_progress integer NOT NULL,
    updated_at timestamp without time zone DEFAULT now() NOT NULL,
    achievement_id integer,
    user_id integer
);


ALTER TABLE public.achievement_progresses OWNER TO postgres;

--
-- TOC entry 289 (class 1259 OID 18929)
-- Name: achievement_progresses_id_seq; Type: SEQUENCE; Schema: public; Owner: postgres
--

CREATE SEQUENCE public.achievement_progresses_id_seq
    AS integer
    START WITH 1
    INCREMENT BY 1
    NO MINVALUE
    NO MAXVALUE
    CACHE 1;


ALTER SEQUENCE public.achievement_progresses_id_seq OWNER TO postgres;

--
-- TOC entry 4154 (class 0 OID 0)
-- Dependencies: 289
-- Name: achievement_progresses_id_seq; Type: SEQUENCE OWNED BY; Schema: public; Owner: postgres
--

ALTER SEQUENCE public.achievement_progresses_id_seq OWNED BY public.achievement_progresses.id;


--
-- TOC entry 296 (class 1259 OID 18990)
-- Name: achievement_tracking; Type: TABLE; Schema: public; Owner: postgres
--

CREATE TABLE public.achievement_tracking (
    id integer NOT NULL,
    event_name character varying(100) NOT NULL,
    event_count integer DEFAULT 0 NOT NULL,
    metadata jsonb,
    last_event_at timestamp without time zone NOT NULL,
    created_at timestamp without time zone DEFAULT now() NOT NULL,
    updated_at timestamp without time zone DEFAULT now() NOT NULL,
    user_id integer NOT NULL,
    achievement_id integer NOT NULL
);


ALTER TABLE public.achievement_tracking OWNER TO postgres;

--
-- TOC entry 295 (class 1259 OID 18989)
-- Name: achievement_tracking_id_seq; Type: SEQUENCE; Schema: public; Owner: postgres
--

CREATE SEQUENCE public.achievement_tracking_id_seq
    AS integer
    START WITH 1
    INCREMENT BY 1
    NO MINVALUE
    NO MAXVALUE
    CACHE 1;


ALTER SEQUENCE public.achievement_tracking_id_seq OWNER TO postgres;

--
-- TOC entry 4155 (class 0 OID 0)
-- Dependencies: 295
-- Name: achievement_tracking_id_seq; Type: SEQUENCE OWNED BY; Schema: public; Owner: postgres
--

ALTER SEQUENCE public.achievement_tracking_id_seq OWNED BY public.achievement_tracking.id;


--
-- TOC entry 288 (class 1259 OID 18918)
-- Name: achievements; Type: TABLE; Schema: public; Owner: postgres
--

CREATE TABLE public.achievements (
    id integer NOT NULL,
    name character varying(100) NOT NULL,
    description text,
    icon_url text,
    is_active boolean DEFAULT true NOT NULL,
    created_at timestamp without time zone DEFAULT now() NOT NULL,
    target_count integer,
    entity_name character varying(25),
    property_name character varying(25),
    comparison_operator character varying(25),
    target_value text,
    target_streak_length integer,
    streak_unit character varying(25),
    type public.achievements_type_enum NOT NULL,
    created_by integer,
    event_name character varying(100)
);


ALTER TABLE public.achievements OWNER TO postgres;

--
-- TOC entry 287 (class 1259 OID 18917)
-- Name: achievements_id_seq; Type: SEQUENCE; Schema: public; Owner: postgres
--

CREATE SEQUENCE public.achievements_id_seq
    AS integer
    START WITH 1
    INCREMENT BY 1
    NO MINVALUE
    NO MAXVALUE
    CACHE 1;


ALTER SEQUENCE public.achievements_id_seq OWNER TO postgres;

--
-- TOC entry 4156 (class 0 OID 0)
-- Dependencies: 287
-- Name: achievements_id_seq; Type: SEQUENCE OWNED BY; Schema: public; Owner: postgres
--

ALTER SEQUENCE public.achievements_id_seq OWNED BY public.achievements.id;


--
-- TOC entry 304 (class 1259 OID 20145)
-- Name: ai_learner_progress_analyses; Type: TABLE; Schema: public; Owner: postgres
--

CREATE TABLE public.ai_learner_progress_analyses (
    id integer NOT NULL,
    "overallSummary" text NOT NULL,
    progress_percentage integer NOT NULL,
    strengths_identified json NOT NULL,
    areas_for_improvement json NOT NULL,
    quiz_performance_analysis json NOT NULL,
    video_performance_analysis json NOT NULL,
    recommendations_for_next_session json NOT NULL,
    practice_drills json NOT NULL,
    motivational_message text NOT NULL,
    sessions_completed_at_analysis integer NOT NULL,
    total_sessions_at_analysis integer NOT NULL,
    created_at timestamp without time zone DEFAULT now() NOT NULL,
    user_id integer,
    learner_progress_id integer,
    title character varying(255) NOT NULL
);


ALTER TABLE public.ai_learner_progress_analyses OWNER TO postgres;

--
-- TOC entry 303 (class 1259 OID 20144)
-- Name: ai_learner_progress_analyses_id_seq; Type: SEQUENCE; Schema: public; Owner: postgres
--

CREATE SEQUENCE public.ai_learner_progress_analyses_id_seq
    AS integer
    START WITH 1
    INCREMENT BY 1
    NO MINVALUE
    NO MAXVALUE
    CACHE 1;


ALTER SEQUENCE public.ai_learner_progress_analyses_id_seq OWNER TO postgres;

--
-- TOC entry 4157 (class 0 OID 0)
-- Dependencies: 303
-- Name: ai_learner_progress_analyses_id_seq; Type: SEQUENCE OWNED BY; Schema: public; Owner: postgres
--

ALTER SEQUENCE public.ai_learner_progress_analyses_id_seq OWNED BY public.ai_learner_progress_analyses.id;


--
-- TOC entry 302 (class 1259 OID 20114)
-- Name: ai_subject_generations; Type: TABLE; Schema: public; Owner: postgres
--

CREATE TABLE public.ai_subject_generations (
    id integer NOT NULL,
    prompt text NOT NULL,
    "generatedData" jsonb NOT NULL,
    status public.ai_subject_generations_status_enum DEFAULT 'PENDING'::public.ai_subject_generations_status_enum NOT NULL,
    created_at timestamp without time zone DEFAULT now() NOT NULL,
    updated_at timestamp without time zone DEFAULT now() NOT NULL,
    deleted_at timestamp without time zone,
    requested_by integer,
    created_subject_id integer
);


ALTER TABLE public.ai_subject_generations OWNER TO postgres;

--
-- TOC entry 301 (class 1259 OID 20113)
-- Name: ai_subject_generations_id_seq; Type: SEQUENCE; Schema: public; Owner: postgres
--

CREATE SEQUENCE public.ai_subject_generations_id_seq
    AS integer
    START WITH 1
    INCREMENT BY 1
    NO MINVALUE
    NO MAXVALUE
    CACHE 1;


ALTER SEQUENCE public.ai_subject_generations_id_seq OWNER TO postgres;

--
-- TOC entry 4158 (class 0 OID 0)
-- Dependencies: 301
-- Name: ai_subject_generations_id_seq; Type: SEQUENCE OWNED BY; Schema: public; Owner: postgres
--

ALTER SEQUENCE public.ai_subject_generations_id_seq OWNED BY public.ai_subject_generations.id;


--
-- TOC entry 244 (class 1259 OID 18549)
-- Name: ai_video_comparison_results; Type: TABLE; Schema: public; Owner: postgres
--

CREATE TABLE public.ai_video_comparison_results (
    id integer NOT NULL,
    summary text,
    learner_score integer,
    "keyDifferents" jsonb,
    details jsonb,
    "recommendationDrills" jsonb,
    coach_note text,
    created_at timestamp without time zone DEFAULT now() NOT NULL,
    learner_video_id integer,
    video_id integer
);


ALTER TABLE public.ai_video_comparison_results OWNER TO postgres;

--
-- TOC entry 243 (class 1259 OID 18548)
-- Name: ai_video_comparison_results_id_seq; Type: SEQUENCE; Schema: public; Owner: postgres
--

CREATE SEQUENCE public.ai_video_comparison_results_id_seq
    AS integer
    START WITH 1
    INCREMENT BY 1
    NO MINVALUE
    NO MAXVALUE
    CACHE 1;


ALTER SEQUENCE public.ai_video_comparison_results_id_seq OWNER TO postgres;

--
-- TOC entry 4159 (class 0 OID 0)
-- Dependencies: 243
-- Name: ai_video_comparison_results_id_seq; Type: SEQUENCE OWNED BY; Schema: public; Owner: postgres
--

ALTER SEQUENCE public.ai_video_comparison_results_id_seq OWNED BY public.ai_video_comparison_results.id;


--
-- TOC entry 270 (class 1259 OID 18774)
-- Name: attendances; Type: TABLE; Schema: public; Owner: postgres
--

CREATE TABLE public.attendances (
    id integer NOT NULL,
    status public.attendances_status_enum DEFAULT 'PRESENT'::public.attendances_status_enum NOT NULL,
    created_at timestamp without time zone DEFAULT now() NOT NULL,
    user_id integer,
    session_id integer
);


ALTER TABLE public.attendances OWNER TO postgres;

--
-- TOC entry 269 (class 1259 OID 18773)
-- Name: attendances_id_seq; Type: SEQUENCE; Schema: public; Owner: postgres
--

CREATE SEQUENCE public.attendances_id_seq
    AS integer
    START WITH 1
    INCREMENT BY 1
    NO MINVALUE
    NO MAXVALUE
    CACHE 1;


ALTER SEQUENCE public.attendances_id_seq OWNER TO postgres;

--
-- TOC entry 4160 (class 0 OID 0)
-- Dependencies: 269
-- Name: attendances_id_seq; Type: SEQUENCE OWNED BY; Schema: public; Owner: postgres
--

ALTER SEQUENCE public.attendances_id_seq OWNED BY public.attendances.id;


--
-- TOC entry 280 (class 1259 OID 18858)
-- Name: banks; Type: TABLE; Schema: public; Owner: postgres
--

CREATE TABLE public.banks (
    id integer NOT NULL,
    name character varying(100) NOT NULL,
    bin character varying(10) NOT NULL
);


ALTER TABLE public.banks OWNER TO postgres;

--
-- TOC entry 279 (class 1259 OID 18857)
-- Name: banks_id_seq; Type: SEQUENCE; Schema: public; Owner: postgres
--

CREATE SEQUENCE public.banks_id_seq
    AS integer
    START WITH 1
    INCREMENT BY 1
    NO MINVALUE
    NO MAXVALUE
    CACHE 1;


ALTER SEQUENCE public.banks_id_seq OWNER TO postgres;

--
-- TOC entry 4161 (class 0 OID 0)
-- Dependencies: 279
-- Name: banks_id_seq; Type: SEQUENCE OWNED BY; Schema: public; Owner: postgres
--

ALTER SEQUENCE public.banks_id_seq OWNED BY public.banks.id;


--
-- TOC entry 300 (class 1259 OID 19428)
-- Name: base_credentials; Type: TABLE; Schema: public; Owner: postgres
--

CREATE TABLE public.base_credentials (
    id integer NOT NULL,
    name character varying(255) NOT NULL,
    description text,
    type public.base_credentials_type_enum NOT NULL,
    public_url text,
    created_at timestamp without time zone DEFAULT now() NOT NULL,
    updated_at timestamp without time zone DEFAULT now() NOT NULL,
    deleted_at timestamp without time zone
);


ALTER TABLE public.base_credentials OWNER TO postgres;

--
-- TOC entry 299 (class 1259 OID 19427)
-- Name: base_credentials_id_seq; Type: SEQUENCE; Schema: public; Owner: postgres
--

CREATE SEQUENCE public.base_credentials_id_seq
    AS integer
    START WITH 1
    INCREMENT BY 1
    NO MINVALUE
    NO MAXVALUE
    CACHE 1;


ALTER SEQUENCE public.base_credentials_id_seq OWNER TO postgres;

--
-- TOC entry 4162 (class 0 OID 0)
-- Dependencies: 299
-- Name: base_credentials_id_seq; Type: SEQUENCE OWNED BY; Schema: public; Owner: postgres
--

ALTER SEQUENCE public.base_credentials_id_seq OWNED BY public.base_credentials.id;


--
-- TOC entry 226 (class 1259 OID 18344)
-- Name: coaches; Type: TABLE; Schema: public; Owner: postgres
--

CREATE TABLE public.coaches (
    id integer NOT NULL,
    bio text NOT NULL,
    specialties text,
    teaching_methods text,
    year_of_experience integer NOT NULL,
    verification_status public.coaches_verification_status_enum DEFAULT 'UNVERIFIED'::public.coaches_verification_status_enum NOT NULL,
    created_at timestamp without time zone DEFAULT now() NOT NULL,
    updated_at timestamp without time zone DEFAULT now() NOT NULL,
    deleted_at timestamp without time zone,
    user_id integer
);


ALTER TABLE public.coaches OWNER TO postgres;

--
-- TOC entry 225 (class 1259 OID 18343)
-- Name: coaches_id_seq; Type: SEQUENCE; Schema: public; Owner: postgres
--

CREATE SEQUENCE public.coaches_id_seq
    AS integer
    START WITH 1
    INCREMENT BY 1
    NO MINVALUE
    NO MAXVALUE
    CACHE 1;


ALTER SEQUENCE public.coaches_id_seq OWNER TO postgres;

--
-- TOC entry 4163 (class 0 OID 0)
-- Dependencies: 225
-- Name: coaches_id_seq; Type: SEQUENCE OWNED BY; Schema: public; Owner: postgres
--

ALTER SEQUENCE public.coaches_id_seq OWNED BY public.coaches.id;


--
-- TOC entry 292 (class 1259 OID 18950)
-- Name: configurations; Type: TABLE; Schema: public; Owner: postgres
--

CREATE TABLE public.configurations (
    id integer NOT NULL,
    key character varying(100) NOT NULL,
    value character varying(255) NOT NULL,
    description text,
    data_type public.configurations_data_type_enum DEFAULT 'string'::public.configurations_data_type_enum NOT NULL,
    created_at timestamp without time zone DEFAULT now() NOT NULL,
    updated_at timestamp without time zone DEFAULT now() NOT NULL,
    created_by integer,
    updated_by integer
);


ALTER TABLE public.configurations OWNER TO postgres;

--
-- TOC entry 291 (class 1259 OID 18949)
-- Name: configurations_id_seq; Type: SEQUENCE; Schema: public; Owner: postgres
--

CREATE SEQUENCE public.configurations_id_seq
    AS integer
    START WITH 1
    INCREMENT BY 1
    NO MINVALUE
    NO MAXVALUE
    CACHE 1;


ALTER SEQUENCE public.configurations_id_seq OWNER TO postgres;

--
-- TOC entry 4164 (class 0 OID 0)
-- Dependencies: 291
-- Name: configurations_id_seq; Type: SEQUENCE OWNED BY; Schema: public; Owner: postgres
--

ALTER SEQUENCE public.configurations_id_seq OWNED BY public.configurations.id;


--
-- TOC entry 268 (class 1259 OID 18740)
-- Name: courses; Type: TABLE; Schema: public; Owner: postgres
--

CREATE TABLE public.courses (
    id integer NOT NULL,
    name character varying(100) NOT NULL,
    description text,
    level public.courses_level_enum DEFAULT 'BEGINNER'::public.courses_level_enum NOT NULL,
    learning_format public.courses_learning_format_enum DEFAULT 'GROUP'::public.courses_learning_format_enum NOT NULL,
    status public.courses_status_enum DEFAULT 'PENDING_APPROVAL'::public.courses_status_enum NOT NULL,
    public_url text,
    min_participants integer DEFAULT 1 NOT NULL,
    max_participants integer DEFAULT 10 NOT NULL,
    price_per_participant numeric(15,3) DEFAULT '0'::numeric NOT NULL,
    current_participants integer DEFAULT 0 NOT NULL,
    total_sessions integer DEFAULT 0 NOT NULL,
    total_earnings numeric(15,3) DEFAULT '0'::numeric NOT NULL,
    start_date date NOT NULL,
    end_date date,
    progress_pct integer DEFAULT 0 NOT NULL,
    created_at timestamp without time zone DEFAULT now() NOT NULL,
    updated_at timestamp without time zone DEFAULT now() NOT NULL,
    deleted_at timestamp without time zone,
    cancelling_reason text,
    created_by integer,
    subject_id integer,
    court_id integer,
    google_meet_link text,
    CONSTRAINT "CHK_14a92d9a7176832922fc808e28" CHECK (((min_participants > 0) AND (max_participants > 0) AND (max_participants >= min_participants))),
    CONSTRAINT "CHK_e895d862abf6224b4e8f94e18b" CHECK ((start_date <= end_date))
);


ALTER TABLE public.courses OWNER TO postgres;

--
-- TOC entry 267 (class 1259 OID 18739)
-- Name: courses_id_seq; Type: SEQUENCE; Schema: public; Owner: postgres
--

CREATE SEQUENCE public.courses_id_seq
    AS integer
    START WITH 1
    INCREMENT BY 1
    NO MINVALUE
    NO MAXVALUE
    CACHE 1;


ALTER SEQUENCE public.courses_id_seq OWNER TO postgres;

--
-- TOC entry 4165 (class 0 OID 0)
-- Dependencies: 267
-- Name: courses_id_seq; Type: SEQUENCE OWNED BY; Schema: public; Owner: postgres
--

ALTER SEQUENCE public.courses_id_seq OWNED BY public.courses.id;


--
-- TOC entry 266 (class 1259 OID 18695)
-- Name: courts; Type: TABLE; Schema: public; Owner: postgres
--

CREATE TABLE public.courts (
    id integer NOT NULL,
    name character varying(100) NOT NULL,
    phone_number character varying(25),
    price_per_hour numeric(15,3) DEFAULT '0'::numeric NOT NULL,
    public_url text,
    address text NOT NULL,
    province_id integer,
    district_id integer,
    latitude numeric(10,6),
    longitude numeric(10,6)
);


ALTER TABLE public.courts OWNER TO postgres;

--
-- TOC entry 265 (class 1259 OID 18694)
-- Name: courts_id_seq; Type: SEQUENCE; Schema: public; Owner: postgres
--

CREATE SEQUENCE public.courts_id_seq
    AS integer
    START WITH 1
    INCREMENT BY 1
    NO MINVALUE
    NO MAXVALUE
    CACHE 1;


ALTER SEQUENCE public.courts_id_seq OWNER TO postgres;

--
-- TOC entry 4166 (class 0 OID 0)
-- Dependencies: 265
-- Name: courts_id_seq; Type: SEQUENCE OWNED BY; Schema: public; Owner: postgres
--

ALTER SEQUENCE public.courts_id_seq OWNED BY public.courts.id;


--
-- TOC entry 224 (class 1259 OID 18324)
-- Name: credentials; Type: TABLE; Schema: public; Owner: postgres
--

CREATE TABLE public.credentials (
    id integer NOT NULL,
    issued_at date,
    expires_at date,
    created_at timestamp without time zone DEFAULT now() NOT NULL,
    updated_at timestamp without time zone DEFAULT now() NOT NULL,
    deleted_at timestamp without time zone,
    coach_id integer,
    base_credential_id integer,
    public_url text
);


ALTER TABLE public.credentials OWNER TO postgres;

--
-- TOC entry 223 (class 1259 OID 18323)
-- Name: credentials_id_seq; Type: SEQUENCE; Schema: public; Owner: postgres
--

CREATE SEQUENCE public.credentials_id_seq
    AS integer
    START WITH 1
    INCREMENT BY 1
    NO MINVALUE
    NO MAXVALUE
    CACHE 1;


ALTER SEQUENCE public.credentials_id_seq OWNER TO postgres;

--
-- TOC entry 4167 (class 0 OID 0)
-- Dependencies: 223
-- Name: credentials_id_seq; Type: SEQUENCE OWNED BY; Schema: public; Owner: postgres
--

ALTER SEQUENCE public.credentials_id_seq OWNED BY public.credentials.id;


--
-- TOC entry 262 (class 1259 OID 18680)
-- Name: districts; Type: TABLE; Schema: public; Owner: postgres
--

CREATE TABLE public.districts (
    id integer NOT NULL,
    name character varying(100) NOT NULL,
    province_id integer
);


ALTER TABLE public.districts OWNER TO postgres;

--
-- TOC entry 261 (class 1259 OID 18679)
-- Name: districts_id_seq; Type: SEQUENCE; Schema: public; Owner: postgres
--

CREATE SEQUENCE public.districts_id_seq
    AS integer
    START WITH 1
    INCREMENT BY 1
    NO MINVALUE
    NO MAXVALUE
    CACHE 1;


ALTER SEQUENCE public.districts_id_seq OWNER TO postgres;

--
-- TOC entry 4168 (class 0 OID 0)
-- Dependencies: 261
-- Name: districts_id_seq; Type: SEQUENCE OWNED BY; Schema: public; Owner: postgres
--

ALTER SEQUENCE public.districts_id_seq OWNED BY public.districts.id;


--
-- TOC entry 236 (class 1259 OID 18486)
-- Name: enrollments; Type: TABLE; Schema: public; Owner: postgres
--

CREATE TABLE public.enrollments (
    id integer NOT NULL,
    "paymentAmount" numeric(15,3),
    status public.enrollments_status_enum DEFAULT 'UNPAID'::public.enrollments_status_enum NOT NULL,
    enrolled_at timestamp without time zone DEFAULT now() NOT NULL,
    updated_at timestamp without time zone DEFAULT now() NOT NULL,
    course_id integer,
    user_id integer
);


ALTER TABLE public.enrollments OWNER TO postgres;

--
-- TOC entry 235 (class 1259 OID 18485)
-- Name: enrollments_id_seq; Type: SEQUENCE; Schema: public; Owner: postgres
--

CREATE SEQUENCE public.enrollments_id_seq
    AS integer
    START WITH 1
    INCREMENT BY 1
    NO MINVALUE
    NO MAXVALUE
    CACHE 1;


ALTER SEQUENCE public.enrollments_id_seq OWNER TO postgres;

--
-- TOC entry 4169 (class 0 OID 0)
-- Dependencies: 235
-- Name: enrollments_id_seq; Type: SEQUENCE OWNED BY; Schema: public; Owner: postgres
--

ALTER SEQUENCE public.enrollments_id_seq OWNED BY public.enrollments.id;


--
-- TOC entry 218 (class 1259 OID 18273)
-- Name: errors; Type: TABLE; Schema: public; Owner: postgres
--

CREATE TABLE public.errors (
    id integer NOT NULL,
    code character varying(255) NOT NULL,
    message text NOT NULL,
    stack character varying(5000),
    url character varying(255),
    body character varying(255),
    created_at timestamp without time zone DEFAULT now() NOT NULL,
    resolved_at timestamp without time zone DEFAULT now() NOT NULL,
    "isResolved" boolean DEFAULT false NOT NULL,
    user_id integer
);


ALTER TABLE public.errors OWNER TO postgres;

--
-- TOC entry 217 (class 1259 OID 18272)
-- Name: errors_id_seq; Type: SEQUENCE; Schema: public; Owner: postgres
--

CREATE SEQUENCE public.errors_id_seq
    AS integer
    START WITH 1
    INCREMENT BY 1
    NO MINVALUE
    NO MAXVALUE
    CACHE 1;


ALTER SEQUENCE public.errors_id_seq OWNER TO postgres;

--
-- TOC entry 4170 (class 0 OID 0)
-- Dependencies: 217
-- Name: errors_id_seq; Type: SEQUENCE OWNED BY; Schema: public; Owner: postgres
--

ALTER SEQUENCE public.errors_id_seq OWNED BY public.errors.id;


--
-- TOC entry 238 (class 1259 OID 18496)
-- Name: feedbacks; Type: TABLE; Schema: public; Owner: postgres
--

CREATE TABLE public.feedbacks (
    id integer NOT NULL,
    comment text NOT NULL,
    rating integer NOT NULL,
    "isAnonymous" boolean DEFAULT false NOT NULL,
    created_at timestamp without time zone DEFAULT now() NOT NULL,
    created_by integer,
    received_by integer,
    course_id integer
);


ALTER TABLE public.feedbacks OWNER TO postgres;

--
-- TOC entry 237 (class 1259 OID 18495)
-- Name: feedbacks_id_seq; Type: SEQUENCE; Schema: public; Owner: postgres
--

CREATE SEQUENCE public.feedbacks_id_seq
    AS integer
    START WITH 1
    INCREMENT BY 1
    NO MINVALUE
    NO MAXVALUE
    CACHE 1;


ALTER SEQUENCE public.feedbacks_id_seq OWNER TO postgres;

--
-- TOC entry 4171 (class 0 OID 0)
-- Dependencies: 237
-- Name: feedbacks_id_seq; Type: SEQUENCE OWNED BY; Schema: public; Owner: postgres
--

ALTER SEQUENCE public.feedbacks_id_seq OWNED BY public.feedbacks.id;


--
-- TOC entry 286 (class 1259 OID 18903)
-- Name: learner_achievements; Type: TABLE; Schema: public; Owner: postgres
--

CREATE TABLE public.learner_achievements (
    id integer NOT NULL,
    earned_at timestamp without time zone DEFAULT now() NOT NULL,
    achievement_id integer,
    user_id integer
);


ALTER TABLE public.learner_achievements OWNER TO postgres;

--
-- TOC entry 285 (class 1259 OID 18902)
-- Name: learner_achievements_id_seq; Type: SEQUENCE; Schema: public; Owner: postgres
--

CREATE SEQUENCE public.learner_achievements_id_seq
    AS integer
    START WITH 1
    INCREMENT BY 1
    NO MINVALUE
    NO MAXVALUE
    CACHE 1;


ALTER SEQUENCE public.learner_achievements_id_seq OWNER TO postgres;

--
-- TOC entry 4172 (class 0 OID 0)
-- Dependencies: 285
-- Name: learner_achievements_id_seq; Type: SEQUENCE OWNED BY; Schema: public; Owner: postgres
--

ALTER SEQUENCE public.learner_achievements_id_seq OWNED BY public.learner_achievements.id;


--
-- TOC entry 250 (class 1259 OID 18593)
-- Name: learner_answers; Type: TABLE; Schema: public; Owner: postgres
--

CREATE TABLE public.learner_answers (
    id integer NOT NULL,
    is_correct boolean NOT NULL,
    created_at timestamp without time zone DEFAULT now() NOT NULL,
    question_id integer,
    quiz_attempt_id integer,
    question_option_id integer
);


ALTER TABLE public.learner_answers OWNER TO postgres;

--
-- TOC entry 249 (class 1259 OID 18592)
-- Name: learner_answers_id_seq; Type: SEQUENCE; Schema: public; Owner: postgres
--

CREATE SEQUENCE public.learner_answers_id_seq
    AS integer
    START WITH 1
    INCREMENT BY 1
    NO MINVALUE
    NO MAXVALUE
    CACHE 1;


ALTER SEQUENCE public.learner_answers_id_seq OWNER TO postgres;

--
-- TOC entry 4173 (class 0 OID 0)
-- Dependencies: 249
-- Name: learner_answers_id_seq; Type: SEQUENCE OWNED BY; Schema: public; Owner: postgres
--

ALTER SEQUENCE public.learner_answers_id_seq OWNED BY public.learner_answers.id;


--
-- TOC entry 240 (class 1259 OID 18514)
-- Name: learner_progresses; Type: TABLE; Schema: public; Owner: postgres
--

CREATE TABLE public.learner_progresses (
    id integer NOT NULL,
    sessions_completed integer DEFAULT 0 NOT NULL,
    total_sessions integer NOT NULL,
    avg_ai_analysis_score integer DEFAULT 0 NOT NULL,
    avg_quiz_score integer DEFAULT 0 NOT NULL,
    status public.learner_progresses_status_enum DEFAULT 'IN_PROGRESS'::public.learner_progresses_status_enum NOT NULL,
    created_at timestamp without time zone DEFAULT now() NOT NULL,
    updated_at timestamp without time zone DEFAULT now() NOT NULL,
    user_id integer,
    course_id integer,
    can_generate_ai_analysis boolean DEFAULT false NOT NULL,
    CONSTRAINT "CHK_43c330dbdaccc59a50de681192" CHECK ((sessions_completed <= total_sessions))
);


ALTER TABLE public.learner_progresses OWNER TO postgres;

--
-- TOC entry 239 (class 1259 OID 18513)
-- Name: learner_progresses_id_seq; Type: SEQUENCE; Schema: public; Owner: postgres
--

CREATE SEQUENCE public.learner_progresses_id_seq
    AS integer
    START WITH 1
    INCREMENT BY 1
    NO MINVALUE
    NO MAXVALUE
    CACHE 1;


ALTER SEQUENCE public.learner_progresses_id_seq OWNER TO postgres;

--
-- TOC entry 4174 (class 0 OID 0)
-- Dependencies: 239
-- Name: learner_progresses_id_seq; Type: SEQUENCE OWNED BY; Schema: public; Owner: postgres
--

ALTER SEQUENCE public.learner_progresses_id_seq OWNED BY public.learner_progresses.id;


--
-- TOC entry 242 (class 1259 OID 18538)
-- Name: learner_videos; Type: TABLE; Schema: public; Owner: postgres
--

CREATE TABLE public.learner_videos (
    id integer NOT NULL,
    tags text,
    duration integer NOT NULL,
    public_url text NOT NULL,
    thumbnail_url text,
    overlay_video_url text,
    overlay_thumbnail_url text,
    status public.learner_videos_status_enum DEFAULT 'UPLOADING'::public.learner_videos_status_enum NOT NULL,
    created_at timestamp without time zone DEFAULT now() NOT NULL,
    user_id integer,
    session_id integer,
    video_id integer
);


ALTER TABLE public.learner_videos OWNER TO postgres;

--
-- TOC entry 241 (class 1259 OID 18537)
-- Name: learner_videos_id_seq; Type: SEQUENCE; Schema: public; Owner: postgres
--

CREATE SEQUENCE public.learner_videos_id_seq
    AS integer
    START WITH 1
    INCREMENT BY 1
    NO MINVALUE
    NO MAXVALUE
    CACHE 1;


ALTER SEQUENCE public.learner_videos_id_seq OWNER TO postgres;

--
-- TOC entry 4175 (class 0 OID 0)
-- Dependencies: 241
-- Name: learner_videos_id_seq; Type: SEQUENCE OWNED BY; Schema: public; Owner: postgres
--

ALTER SEQUENCE public.learner_videos_id_seq OWNED BY public.learner_videos.id;


--
-- TOC entry 284 (class 1259 OID 18894)
-- Name: learners; Type: TABLE; Schema: public; Owner: postgres
--

CREATE TABLE public.learners (
    id integer NOT NULL,
    skill_level public.learners_skill_level_enum DEFAULT 'BEGINNER'::public.learners_skill_level_enum NOT NULL,
    learning_goal public.learners_learning_goal_enum DEFAULT 'BEGINNER'::public.learners_learning_goal_enum NOT NULL,
    user_id integer
);


ALTER TABLE public.learners OWNER TO postgres;

--
-- TOC entry 283 (class 1259 OID 18893)
-- Name: learners_id_seq; Type: SEQUENCE; Schema: public; Owner: postgres
--

CREATE SEQUENCE public.learners_id_seq
    AS integer
    START WITH 1
    INCREMENT BY 1
    NO MINVALUE
    NO MAXVALUE
    CACHE 1;


ALTER SEQUENCE public.learners_id_seq OWNER TO postgres;

--
-- TOC entry 4176 (class 0 OID 0)
-- Dependencies: 283
-- Name: learners_id_seq; Type: SEQUENCE OWNED BY; Schema: public; Owner: postgres
--

ALTER SEQUENCE public.learners_id_seq OWNED BY public.learners.id;


--
-- TOC entry 258 (class 1259 OID 18636)
-- Name: lessons; Type: TABLE; Schema: public; Owner: postgres
--

CREATE TABLE public.lessons (
    id integer NOT NULL,
    name character varying(100) NOT NULL,
    description text,
    lesson_number integer NOT NULL,
    created_at timestamp without time zone DEFAULT now() NOT NULL,
    updated_at timestamp without time zone DEFAULT now() NOT NULL,
    deleted_at timestamp without time zone,
    subject_id integer
);


ALTER TABLE public.lessons OWNER TO postgres;

--
-- TOC entry 257 (class 1259 OID 18635)
-- Name: lessons_id_seq; Type: SEQUENCE; Schema: public; Owner: postgres
--

CREATE SEQUENCE public.lessons_id_seq
    AS integer
    START WITH 1
    INCREMENT BY 1
    NO MINVALUE
    NO MAXVALUE
    CACHE 1;


ALTER SEQUENCE public.lessons_id_seq OWNER TO postgres;

--
-- TOC entry 4177 (class 0 OID 0)
-- Dependencies: 257
-- Name: lessons_id_seq; Type: SEQUENCE OWNED BY; Schema: public; Owner: postgres
--

ALTER SEQUENCE public.lessons_id_seq OWNED BY public.lessons.id;


--
-- TOC entry 298 (class 1259 OID 19349)
-- Name: migrations; Type: TABLE; Schema: public; Owner: postgres
--

CREATE TABLE public.migrations (
    id integer NOT NULL,
    "timestamp" bigint NOT NULL,
    name character varying NOT NULL
);


ALTER TABLE public.migrations OWNER TO postgres;

--
-- TOC entry 297 (class 1259 OID 19348)
-- Name: migrations_id_seq; Type: SEQUENCE; Schema: public; Owner: postgres
--

CREATE SEQUENCE public.migrations_id_seq
    AS integer
    START WITH 1
    INCREMENT BY 1
    NO MINVALUE
    NO MAXVALUE
    CACHE 1;


ALTER SEQUENCE public.migrations_id_seq OWNER TO postgres;

--
-- TOC entry 4178 (class 0 OID 0)
-- Dependencies: 297
-- Name: migrations_id_seq; Type: SEQUENCE OWNED BY; Schema: public; Owner: postgres
--

ALTER SEQUENCE public.migrations_id_seq OWNED BY public.migrations.id;


--
-- TOC entry 222 (class 1259 OID 18304)
-- Name: notifications; Type: TABLE; Schema: public; Owner: postgres
--

CREATE TABLE public.notifications (
    id integer NOT NULL,
    title character varying(50) NOT NULL,
    body text NOT NULL,
    "navigateTo" character varying(50),
    type public.notifications_type_enum DEFAULT 'INFO'::public.notifications_type_enum NOT NULL,
    "isRead" boolean DEFAULT false NOT NULL,
    created_at timestamp without time zone DEFAULT now() NOT NULL,
    user_id integer NOT NULL
);


ALTER TABLE public.notifications OWNER TO postgres;

--
-- TOC entry 221 (class 1259 OID 18303)
-- Name: notifications_id_seq; Type: SEQUENCE; Schema: public; Owner: postgres
--

CREATE SEQUENCE public.notifications_id_seq
    AS integer
    START WITH 1
    INCREMENT BY 1
    NO MINVALUE
    NO MAXVALUE
    CACHE 1;


ALTER SEQUENCE public.notifications_id_seq OWNER TO postgres;

--
-- TOC entry 4179 (class 0 OID 0)
-- Dependencies: 221
-- Name: notifications_id_seq; Type: SEQUENCE OWNED BY; Schema: public; Owner: postgres
--

ALTER SEQUENCE public.notifications_id_seq OWNED BY public.notifications.id;


--
-- TOC entry 234 (class 1259 OID 18458)
-- Name: payments; Type: TABLE; Schema: public; Owner: postgres
--

CREATE TABLE public.payments (
    id integer NOT NULL,
    amount numeric(15,3) NOT NULL,
    description text NOT NULL,
    "orderCode" integer NOT NULL,
    "paymentLinkId" text NOT NULL,
    "checkoutUrl" text NOT NULL,
    "qrCode" text NOT NULL,
    status public.payments_status_enum DEFAULT 'PENDING'::public.payments_status_enum NOT NULL,
    created_at timestamp without time zone DEFAULT now() NOT NULL,
    updated_at timestamp without time zone DEFAULT now() NOT NULL,
    expired_at date,
    enrollment_id integer
);


ALTER TABLE public.payments OWNER TO postgres;

--
-- TOC entry 233 (class 1259 OID 18457)
-- Name: payments_id_seq; Type: SEQUENCE; Schema: public; Owner: postgres
--

CREATE SEQUENCE public.payments_id_seq
    AS integer
    START WITH 1
    INCREMENT BY 1
    NO MINVALUE
    NO MAXVALUE
    CACHE 1;


ALTER SEQUENCE public.payments_id_seq OWNER TO postgres;

--
-- TOC entry 4180 (class 0 OID 0)
-- Dependencies: 233
-- Name: payments_id_seq; Type: SEQUENCE OWNED BY; Schema: public; Owner: postgres
--

ALTER SEQUENCE public.payments_id_seq OWNED BY public.payments.id;


--
-- TOC entry 264 (class 1259 OID 18688)
-- Name: provinces; Type: TABLE; Schema: public; Owner: postgres
--

CREATE TABLE public.provinces (
    id integer NOT NULL,
    name character varying(100) NOT NULL
);


ALTER TABLE public.provinces OWNER TO postgres;

--
-- TOC entry 263 (class 1259 OID 18687)
-- Name: provinces_id_seq; Type: SEQUENCE; Schema: public; Owner: postgres
--

CREATE SEQUENCE public.provinces_id_seq
    AS integer
    START WITH 1
    INCREMENT BY 1
    NO MINVALUE
    NO MAXVALUE
    CACHE 1;


ALTER SEQUENCE public.provinces_id_seq OWNER TO postgres;

--
-- TOC entry 4181 (class 0 OID 0)
-- Dependencies: 263
-- Name: provinces_id_seq; Type: SEQUENCE OWNED BY; Schema: public; Owner: postgres
--

ALTER SEQUENCE public.provinces_id_seq OWNED BY public.provinces.id;


--
-- TOC entry 252 (class 1259 OID 18601)
-- Name: question_options; Type: TABLE; Schema: public; Owner: postgres
--

CREATE TABLE public.question_options (
    id integer NOT NULL,
    content text NOT NULL,
    is_correct boolean DEFAULT false NOT NULL,
    created_at timestamp without time zone DEFAULT now() NOT NULL,
    question_id integer
);


ALTER TABLE public.question_options OWNER TO postgres;

--
-- TOC entry 251 (class 1259 OID 18600)
-- Name: question_options_id_seq; Type: SEQUENCE; Schema: public; Owner: postgres
--

CREATE SEQUENCE public.question_options_id_seq
    AS integer
    START WITH 1
    INCREMENT BY 1
    NO MINVALUE
    NO MAXVALUE
    CACHE 1;


ALTER SEQUENCE public.question_options_id_seq OWNER TO postgres;

--
-- TOC entry 4182 (class 0 OID 0)
-- Dependencies: 251
-- Name: question_options_id_seq; Type: SEQUENCE OWNED BY; Schema: public; Owner: postgres
--

ALTER SEQUENCE public.question_options_id_seq OWNED BY public.question_options.id;


--
-- TOC entry 254 (class 1259 OID 18612)
-- Name: questions; Type: TABLE; Schema: public; Owner: postgres
--

CREATE TABLE public.questions (
    id integer NOT NULL,
    title character varying(200) NOT NULL,
    explanation text,
    created_at timestamp without time zone DEFAULT now() NOT NULL,
    quiz_id integer
);


ALTER TABLE public.questions OWNER TO postgres;

--
-- TOC entry 253 (class 1259 OID 18611)
-- Name: questions_id_seq; Type: SEQUENCE; Schema: public; Owner: postgres
--

CREATE SEQUENCE public.questions_id_seq
    AS integer
    START WITH 1
    INCREMENT BY 1
    NO MINVALUE
    NO MAXVALUE
    CACHE 1;


ALTER SEQUENCE public.questions_id_seq OWNER TO postgres;

--
-- TOC entry 4183 (class 0 OID 0)
-- Dependencies: 253
-- Name: questions_id_seq; Type: SEQUENCE OWNED BY; Schema: public; Owner: postgres
--

ALTER SEQUENCE public.questions_id_seq OWNED BY public.questions.id;


--
-- TOC entry 248 (class 1259 OID 18585)
-- Name: quiz_attempts; Type: TABLE; Schema: public; Owner: postgres
--

CREATE TABLE public.quiz_attempts (
    id integer NOT NULL,
    attempt_number integer NOT NULL,
    score integer NOT NULL,
    created_at timestamp without time zone DEFAULT now() NOT NULL,
    attempted_by integer,
    session_id integer
);


ALTER TABLE public.quiz_attempts OWNER TO postgres;

--
-- TOC entry 247 (class 1259 OID 18584)
-- Name: quiz_attempts_id_seq; Type: SEQUENCE; Schema: public; Owner: postgres
--

CREATE SEQUENCE public.quiz_attempts_id_seq
    AS integer
    START WITH 1
    INCREMENT BY 1
    NO MINVALUE
    NO MAXVALUE
    CACHE 1;


ALTER SEQUENCE public.quiz_attempts_id_seq OWNER TO postgres;

--
-- TOC entry 4184 (class 0 OID 0)
-- Dependencies: 247
-- Name: quiz_attempts_id_seq; Type: SEQUENCE OWNED BY; Schema: public; Owner: postgres
--

ALTER SEQUENCE public.quiz_attempts_id_seq OWNED BY public.quiz_attempts.id;


--
-- TOC entry 256 (class 1259 OID 18622)
-- Name: quizzes; Type: TABLE; Schema: public; Owner: postgres
--

CREATE TABLE public.quizzes (
    id integer NOT NULL,
    title character varying(100) NOT NULL,
    description text,
    total_questions integer NOT NULL,
    deleted_at timestamp without time zone,
    "createdById" integer,
    lesson_id integer,
    session_id integer,
    CONSTRAINT "CHK_21dd3b97fa2d529ccb5656b900" CHECK ((((lesson_id IS NOT NULL) AND (session_id IS NULL)) OR ((lesson_id IS NULL) AND (session_id IS NOT NULL))))
);


ALTER TABLE public.quizzes OWNER TO postgres;

--
-- TOC entry 255 (class 1259 OID 18621)
-- Name: quizzes_id_seq; Type: SEQUENCE; Schema: public; Owner: postgres
--

CREATE SEQUENCE public.quizzes_id_seq
    AS integer
    START WITH 1
    INCREMENT BY 1
    NO MINVALUE
    NO MAXVALUE
    CACHE 1;


ALTER SEQUENCE public.quizzes_id_seq OWNER TO postgres;

--
-- TOC entry 4185 (class 0 OID 0)
-- Dependencies: 255
-- Name: quizzes_id_seq; Type: SEQUENCE OWNED BY; Schema: public; Owner: postgres
--

ALTER SEQUENCE public.quizzes_id_seq OWNED BY public.quizzes.id;


--
-- TOC entry 228 (class 1259 OID 18362)
-- Name: request_actions; Type: TABLE; Schema: public; Owner: postgres
--

CREATE TABLE public.request_actions (
    id integer NOT NULL,
    type public.request_actions_type_enum NOT NULL,
    comment text,
    created_at timestamp without time zone DEFAULT now() NOT NULL,
    handled_by integer,
    request_id integer
);


ALTER TABLE public.request_actions OWNER TO postgres;

--
-- TOC entry 227 (class 1259 OID 18361)
-- Name: request_actions_id_seq; Type: SEQUENCE; Schema: public; Owner: postgres
--

CREATE SEQUENCE public.request_actions_id_seq
    AS integer
    START WITH 1
    INCREMENT BY 1
    NO MINVALUE
    NO MAXVALUE
    CACHE 1;


ALTER SEQUENCE public.request_actions_id_seq OWNER TO postgres;

--
-- TOC entry 4186 (class 0 OID 0)
-- Dependencies: 227
-- Name: request_actions_id_seq; Type: SEQUENCE OWNED BY; Schema: public; Owner: postgres
--

ALTER SEQUENCE public.request_actions_id_seq OWNED BY public.request_actions.id;


--
-- TOC entry 230 (class 1259 OID 18392)
-- Name: requests; Type: TABLE; Schema: public; Owner: postgres
--

CREATE TABLE public.requests (
    id integer NOT NULL,
    description text NOT NULL,
    status public.requests_status_enum DEFAULT 'PENDING'::public.requests_status_enum NOT NULL,
    metadata jsonb,
    created_at timestamp without time zone DEFAULT now() NOT NULL,
    updated_at timestamp without time zone DEFAULT now() NOT NULL,
    created_by integer,
    type public.requests_type_enum NOT NULL
);


ALTER TABLE public.requests OWNER TO postgres;

--
-- TOC entry 229 (class 1259 OID 18391)
-- Name: requests_id_seq; Type: SEQUENCE; Schema: public; Owner: postgres
--

CREATE SEQUENCE public.requests_id_seq
    AS integer
    START WITH 1
    INCREMENT BY 1
    NO MINVALUE
    NO MAXVALUE
    CACHE 1;


ALTER SEQUENCE public.requests_id_seq OWNER TO postgres;

--
-- TOC entry 4187 (class 0 OID 0)
-- Dependencies: 229
-- Name: requests_id_seq; Type: SEQUENCE OWNED BY; Schema: public; Owner: postgres
--

ALTER SEQUENCE public.requests_id_seq OWNED BY public.requests.id;


--
-- TOC entry 220 (class 1259 OID 18285)
-- Name: roles; Type: TABLE; Schema: public; Owner: postgres
--

CREATE TABLE public.roles (
    id integer NOT NULL,
    name character varying(50) NOT NULL
);


ALTER TABLE public.roles OWNER TO postgres;

--
-- TOC entry 219 (class 1259 OID 18284)
-- Name: roles_id_seq; Type: SEQUENCE; Schema: public; Owner: postgres
--

CREATE SEQUENCE public.roles_id_seq
    AS integer
    START WITH 1
    INCREMENT BY 1
    NO MINVALUE
    NO MAXVALUE
    CACHE 1;


ALTER SEQUENCE public.roles_id_seq OWNER TO postgres;

--
-- TOC entry 4188 (class 0 OID 0)
-- Dependencies: 219
-- Name: roles_id_seq; Type: SEQUENCE OWNED BY; Schema: public; Owner: postgres
--

ALTER SEQUENCE public.roles_id_seq OWNED BY public.roles.id;


--
-- TOC entry 232 (class 1259 OID 18438)
-- Name: schedules; Type: TABLE; Schema: public; Owner: postgres
--

CREATE TABLE public.schedules (
    id integer NOT NULL,
    day_of_week public.schedules_day_of_week_enum NOT NULL,
    start_time time without time zone NOT NULL,
    end_time time without time zone NOT NULL,
    total_sessions integer DEFAULT 0 NOT NULL,
    course_id integer
);


ALTER TABLE public.schedules OWNER TO postgres;

--
-- TOC entry 231 (class 1259 OID 18437)
-- Name: schedules_id_seq; Type: SEQUENCE; Schema: public; Owner: postgres
--

CREATE SEQUENCE public.schedules_id_seq
    AS integer
    START WITH 1
    INCREMENT BY 1
    NO MINVALUE
    NO MAXVALUE
    CACHE 1;


ALTER SEQUENCE public.schedules_id_seq OWNER TO postgres;

--
-- TOC entry 4189 (class 0 OID 0)
-- Dependencies: 231
-- Name: schedules_id_seq; Type: SEQUENCE OWNED BY; Schema: public; Owner: postgres
--

ALTER SEQUENCE public.schedules_id_seq OWNED BY public.schedules.id;


--
-- TOC entry 272 (class 1259 OID 18790)
-- Name: session_earnings; Type: TABLE; Schema: public; Owner: postgres
--

CREATE TABLE public.session_earnings (
    id integer NOT NULL,
    session_price numeric(15,3) NOT NULL,
    coach_earning_total numeric(15,3) NOT NULL,
    created_at timestamp without time zone DEFAULT now() NOT NULL,
    paid_at date,
    session_id integer
);


ALTER TABLE public.session_earnings OWNER TO postgres;

--
-- TOC entry 271 (class 1259 OID 18789)
-- Name: session_earnings_id_seq; Type: SEQUENCE; Schema: public; Owner: postgres
--

CREATE SEQUENCE public.session_earnings_id_seq
    AS integer
    START WITH 1
    INCREMENT BY 1
    NO MINVALUE
    NO MAXVALUE
    CACHE 1;


ALTER SEQUENCE public.session_earnings_id_seq OWNER TO postgres;

--
-- TOC entry 4190 (class 0 OID 0)
-- Dependencies: 271
-- Name: session_earnings_id_seq; Type: SEQUENCE OWNED BY; Schema: public; Owner: postgres
--

ALTER SEQUENCE public.session_earnings_id_seq OWNED BY public.session_earnings.id;


--
-- TOC entry 274 (class 1259 OID 18808)
-- Name: sessions; Type: TABLE; Schema: public; Owner: postgres
--

CREATE TABLE public.sessions (
    id integer NOT NULL,
    name character varying(100),
    description text,
    session_number integer NOT NULL,
    schedule_date date NOT NULL,
    start_time time without time zone NOT NULL,
    end_time time without time zone NOT NULL,
    status public.sessions_status_enum DEFAULT 'PENDING'::public.sessions_status_enum NOT NULL,
    created_at timestamp without time zone DEFAULT now() NOT NULL,
    updated_at timestamp without time zone DEFAULT now() NOT NULL,
    "deletedAt" timestamp without time zone,
    completed_at date,
    course_id integer,
    lesson_id integer,
    schedule_id integer,
    CONSTRAINT "CHK_6fd33f6df357fc20555f03f324" CHECK ((start_time < end_time))
);


ALTER TABLE public.sessions OWNER TO postgres;

--
-- TOC entry 273 (class 1259 OID 18807)
-- Name: sessions_id_seq; Type: SEQUENCE; Schema: public; Owner: postgres
--

CREATE SEQUENCE public.sessions_id_seq
    AS integer
    START WITH 1
    INCREMENT BY 1
    NO MINVALUE
    NO MAXVALUE
    CACHE 1;


ALTER SEQUENCE public.sessions_id_seq OWNER TO postgres;

--
-- TOC entry 4191 (class 0 OID 0)
-- Dependencies: 273
-- Name: sessions_id_seq; Type: SEQUENCE OWNED BY; Schema: public; Owner: postgres
--

ALTER SEQUENCE public.sessions_id_seq OWNED BY public.sessions.id;


--
-- TOC entry 260 (class 1259 OID 18660)
-- Name: subjects; Type: TABLE; Schema: public; Owner: postgres
--

CREATE TABLE public.subjects (
    id integer NOT NULL,
    name character varying(100) NOT NULL,
    description text,
    level public.subjects_level_enum DEFAULT 'BEGINNER'::public.subjects_level_enum NOT NULL,
    status public.subjects_status_enum DEFAULT 'DRAFT'::public.subjects_status_enum NOT NULL,
    created_at timestamp without time zone DEFAULT now() NOT NULL,
    updated_at timestamp without time zone DEFAULT now() NOT NULL,
    deleted_at timestamp without time zone,
    "createdById" integer,
    is_ai_generated boolean DEFAULT false NOT NULL
);


ALTER TABLE public.subjects OWNER TO postgres;

--
-- TOC entry 259 (class 1259 OID 18659)
-- Name: subjects_id_seq; Type: SEQUENCE; Schema: public; Owner: postgres
--

CREATE SEQUENCE public.subjects_id_seq
    AS integer
    START WITH 1
    INCREMENT BY 1
    NO MINVALUE
    NO MAXVALUE
    CACHE 1;


ALTER SEQUENCE public.subjects_id_seq OWNER TO postgres;

--
-- TOC entry 4192 (class 0 OID 0)
-- Dependencies: 259
-- Name: subjects_id_seq; Type: SEQUENCE OWNED BY; Schema: public; Owner: postgres
--

ALTER SEQUENCE public.subjects_id_seq OWNED BY public.subjects.id;


--
-- TOC entry 294 (class 1259 OID 18965)
-- Name: users; Type: TABLE; Schema: public; Owner: postgres
--

CREATE TABLE public.users (
    id integer NOT NULL,
    full_name character varying(50) NOT NULL,
    email character varying(50),
    phone_number character varying(25),
    password character varying(255),
    profile_picture text,
    refresh_token text,
    is_email_verified boolean DEFAULT false NOT NULL,
    is_phone_verified boolean DEFAULT false NOT NULL,
    email_verification_token character varying(255),
    reset_password_token character varying(255),
    is_active boolean DEFAULT false NOT NULL,
    last_login_at timestamp without time zone,
    created_at timestamp without time zone DEFAULT now() NOT NULL,
    updated_at timestamp without time zone DEFAULT now() NOT NULL,
    deleted_at timestamp without time zone,
    role_id integer,
    province_id integer,
    district_id integer,
    CONSTRAINT "CHK_USERS_EMAIL_PHONE_HAVE_AT_LEAST_ONE" CHECK (((email IS NOT NULL) OR (phone_number IS NOT NULL)))
);


ALTER TABLE public.users OWNER TO postgres;

--
-- TOC entry 293 (class 1259 OID 18964)
-- Name: users_id_seq; Type: SEQUENCE; Schema: public; Owner: postgres
--

CREATE SEQUENCE public.users_id_seq
    AS integer
    START WITH 1
    INCREMENT BY 1
    NO MINVALUE
    NO MAXVALUE
    CACHE 1;


ALTER SEQUENCE public.users_id_seq OWNER TO postgres;

--
-- TOC entry 4193 (class 0 OID 0)
-- Dependencies: 293
-- Name: users_id_seq; Type: SEQUENCE OWNED BY; Schema: public; Owner: postgres
--

ALTER SEQUENCE public.users_id_seq OWNED BY public.users.id;


--
-- TOC entry 246 (class 1259 OID 18570)
-- Name: videos; Type: TABLE; Schema: public; Owner: postgres
--

CREATE TABLE public.videos (
    id integer NOT NULL,
    title character varying(50) NOT NULL,
    description text,
    tags text,
    duration integer,
    drill_name character varying(50),
    drill_description text,
    drill_practice_sets text,
    public_url text,
    thumbnail_url text,
    status public.videos_status_enum DEFAULT 'UPLOADING'::public.videos_status_enum NOT NULL,
    "uploadedById" integer,
    lesson_id integer,
    session_id integer,
    CONSTRAINT "CHK_e43b0f0321838320abf6d0aa68" CHECK ((((lesson_id IS NOT NULL) AND (session_id IS NULL)) OR ((lesson_id IS NULL) AND (session_id IS NOT NULL))))
);


ALTER TABLE public.videos OWNER TO postgres;

--
-- TOC entry 245 (class 1259 OID 18569)
-- Name: videos_id_seq; Type: SEQUENCE; Schema: public; Owner: postgres
--

CREATE SEQUENCE public.videos_id_seq
    AS integer
    START WITH 1
    INCREMENT BY 1
    NO MINVALUE
    NO MAXVALUE
    CACHE 1;


ALTER SEQUENCE public.videos_id_seq OWNER TO postgres;

--
-- TOC entry 4194 (class 0 OID 0)
-- Dependencies: 245
-- Name: videos_id_seq; Type: SEQUENCE OWNED BY; Schema: public; Owner: postgres
--

ALTER SEQUENCE public.videos_id_seq OWNED BY public.videos.id;


--
-- TOC entry 278 (class 1259 OID 18848)
-- Name: wallet_transactions; Type: TABLE; Schema: public; Owner: postgres
--

CREATE TABLE public.wallet_transactions (
    id integer NOT NULL,
    amount numeric(15,3) NOT NULL,
    description text,
    type public.wallet_transactions_type_enum NOT NULL,
    created_at timestamp without time zone DEFAULT now() NOT NULL,
    wallet_id integer,
    session_id integer,
    withdrawal_request_id integer
);


ALTER TABLE public.wallet_transactions OWNER TO postgres;

--
-- TOC entry 277 (class 1259 OID 18847)
-- Name: wallet_transactions_id_seq; Type: SEQUENCE; Schema: public; Owner: postgres
--

CREATE SEQUENCE public.wallet_transactions_id_seq
    AS integer
    START WITH 1
    INCREMENT BY 1
    NO MINVALUE
    NO MAXVALUE
    CACHE 1;


ALTER SEQUENCE public.wallet_transactions_id_seq OWNER TO postgres;

--
-- TOC entry 4195 (class 0 OID 0)
-- Dependencies: 277
-- Name: wallet_transactions_id_seq; Type: SEQUENCE OWNED BY; Schema: public; Owner: postgres
--

ALTER SEQUENCE public.wallet_transactions_id_seq OWNED BY public.wallet_transactions.id;


--
-- TOC entry 282 (class 1259 OID 18865)
-- Name: wallets; Type: TABLE; Schema: public; Owner: postgres
--

CREATE TABLE public.wallets (
    id integer NOT NULL,
    bank_account_number character varying(50),
    current_balance numeric(15,3) DEFAULT '0'::numeric NOT NULL,
    total_income numeric(15,3) DEFAULT '0'::numeric NOT NULL,
    created_at timestamp without time zone DEFAULT now() NOT NULL,
    updated_at timestamp without time zone DEFAULT now() NOT NULL,
    "userId" integer,
    bank_id integer
);


ALTER TABLE public.wallets OWNER TO postgres;

--
-- TOC entry 281 (class 1259 OID 18864)
-- Name: wallets_id_seq; Type: SEQUENCE; Schema: public; Owner: postgres
--

CREATE SEQUENCE public.wallets_id_seq
    AS integer
    START WITH 1
    INCREMENT BY 1
    NO MINVALUE
    NO MAXVALUE
    CACHE 1;


ALTER SEQUENCE public.wallets_id_seq OWNER TO postgres;

--
-- TOC entry 4196 (class 0 OID 0)
-- Dependencies: 281
-- Name: wallets_id_seq; Type: SEQUENCE OWNED BY; Schema: public; Owner: postgres
--

ALTER SEQUENCE public.wallets_id_seq OWNED BY public.wallets.id;


--
-- TOC entry 276 (class 1259 OID 18832)
-- Name: withdrawal_requests; Type: TABLE; Schema: public; Owner: postgres
--

CREATE TABLE public.withdrawal_requests (
    id integer NOT NULL,
    "referenceId" character varying(255) NOT NULL,
    amount numeric(15,3) NOT NULL,
    payout_details text,
    admin_comment text,
    requested_at timestamp without time zone DEFAULT now() NOT NULL,
    completed_at date,
    wallet_id integer
);


ALTER TABLE public.withdrawal_requests OWNER TO postgres;

--
-- TOC entry 275 (class 1259 OID 18831)
-- Name: withdrawal_requests_id_seq; Type: SEQUENCE; Schema: public; Owner: postgres
--

CREATE SEQUENCE public.withdrawal_requests_id_seq
    AS integer
    START WITH 1
    INCREMENT BY 1
    NO MINVALUE
    NO MAXVALUE
    CACHE 1;


ALTER SEQUENCE public.withdrawal_requests_id_seq OWNER TO postgres;

--
-- TOC entry 4197 (class 0 OID 0)
-- Dependencies: 275
-- Name: withdrawal_requests_id_seq; Type: SEQUENCE OWNED BY; Schema: public; Owner: postgres
--

ALTER SEQUENCE public.withdrawal_requests_id_seq OWNED BY public.withdrawal_requests.id;


--
-- TOC entry 3683 (class 2604 OID 18933)
-- Name: achievement_progresses id; Type: DEFAULT; Schema: public; Owner: postgres
--

ALTER TABLE ONLY public.achievement_progresses ALTER COLUMN id SET DEFAULT nextval('public.achievement_progresses_id_seq'::regclass);


--
-- TOC entry 3695 (class 2604 OID 18993)
-- Name: achievement_tracking id; Type: DEFAULT; Schema: public; Owner: postgres
--

ALTER TABLE ONLY public.achievement_tracking ALTER COLUMN id SET DEFAULT nextval('public.achievement_tracking_id_seq'::regclass);


--
-- TOC entry 3680 (class 2604 OID 18921)
-- Name: achievements id; Type: DEFAULT; Schema: public; Owner: postgres
--

ALTER TABLE ONLY public.achievements ALTER COLUMN id SET DEFAULT nextval('public.achievements_id_seq'::regclass);


--
-- TOC entry 3707 (class 2604 OID 20148)
-- Name: ai_learner_progress_analyses id; Type: DEFAULT; Schema: public; Owner: postgres
--

ALTER TABLE ONLY public.ai_learner_progress_analyses ALTER COLUMN id SET DEFAULT nextval('public.ai_learner_progress_analyses_id_seq'::regclass);


--
-- TOC entry 3703 (class 2604 OID 20117)
-- Name: ai_subject_generations id; Type: DEFAULT; Schema: public; Owner: postgres
--

ALTER TABLE ONLY public.ai_subject_generations ALTER COLUMN id SET DEFAULT nextval('public.ai_subject_generations_id_seq'::regclass);


--
-- TOC entry 3616 (class 2604 OID 18552)
-- Name: ai_video_comparison_results id; Type: DEFAULT; Schema: public; Owner: postgres
--

ALTER TABLE ONLY public.ai_video_comparison_results ALTER COLUMN id SET DEFAULT nextval('public.ai_video_comparison_results_id_seq'::regclass);


--
-- TOC entry 3656 (class 2604 OID 18777)
-- Name: attendances id; Type: DEFAULT; Schema: public; Owner: postgres
--

ALTER TABLE ONLY public.attendances ALTER COLUMN id SET DEFAULT nextval('public.attendances_id_seq'::regclass);


--
-- TOC entry 3669 (class 2604 OID 18861)
-- Name: banks id; Type: DEFAULT; Schema: public; Owner: postgres
--

ALTER TABLE ONLY public.banks ALTER COLUMN id SET DEFAULT nextval('public.banks_id_seq'::regclass);


--
-- TOC entry 3700 (class 2604 OID 19431)
-- Name: base_credentials id; Type: DEFAULT; Schema: public; Owner: postgres
--

ALTER TABLE ONLY public.base_credentials ALTER COLUMN id SET DEFAULT nextval('public.base_credentials_id_seq'::regclass);


--
-- TOC entry 3582 (class 2604 OID 18347)
-- Name: coaches id; Type: DEFAULT; Schema: public; Owner: postgres
--

ALTER TABLE ONLY public.coaches ALTER COLUMN id SET DEFAULT nextval('public.coaches_id_seq'::regclass);


--
-- TOC entry 3685 (class 2604 OID 18953)
-- Name: configurations id; Type: DEFAULT; Schema: public; Owner: postgres
--

ALTER TABLE ONLY public.configurations ALTER COLUMN id SET DEFAULT nextval('public.configurations_id_seq'::regclass);


--
-- TOC entry 3643 (class 2604 OID 18743)
-- Name: courses id; Type: DEFAULT; Schema: public; Owner: postgres
--

ALTER TABLE ONLY public.courses ALTER COLUMN id SET DEFAULT nextval('public.courses_id_seq'::regclass);


--
-- TOC entry 3641 (class 2604 OID 18698)
-- Name: courts id; Type: DEFAULT; Schema: public; Owner: postgres
--

ALTER TABLE ONLY public.courts ALTER COLUMN id SET DEFAULT nextval('public.courts_id_seq'::regclass);


--
-- TOC entry 3579 (class 2604 OID 18327)
-- Name: credentials id; Type: DEFAULT; Schema: public; Owner: postgres
--

ALTER TABLE ONLY public.credentials ALTER COLUMN id SET DEFAULT nextval('public.credentials_id_seq'::regclass);


--
-- TOC entry 3639 (class 2604 OID 18683)
-- Name: districts id; Type: DEFAULT; Schema: public; Owner: postgres
--

ALTER TABLE ONLY public.districts ALTER COLUMN id SET DEFAULT nextval('public.districts_id_seq'::regclass);


--
-- TOC entry 3598 (class 2604 OID 18489)
-- Name: enrollments id; Type: DEFAULT; Schema: public; Owner: postgres
--

ALTER TABLE ONLY public.enrollments ALTER COLUMN id SET DEFAULT nextval('public.enrollments_id_seq'::regclass);


--
-- TOC entry 3570 (class 2604 OID 18276)
-- Name: errors id; Type: DEFAULT; Schema: public; Owner: postgres
--

ALTER TABLE ONLY public.errors ALTER COLUMN id SET DEFAULT nextval('public.errors_id_seq'::regclass);


--
-- TOC entry 3602 (class 2604 OID 18499)
-- Name: feedbacks id; Type: DEFAULT; Schema: public; Owner: postgres
--

ALTER TABLE ONLY public.feedbacks ALTER COLUMN id SET DEFAULT nextval('public.feedbacks_id_seq'::regclass);


--
-- TOC entry 3678 (class 2604 OID 18906)
-- Name: learner_achievements id; Type: DEFAULT; Schema: public; Owner: postgres
--

ALTER TABLE ONLY public.learner_achievements ALTER COLUMN id SET DEFAULT nextval('public.learner_achievements_id_seq'::regclass);


--
-- TOC entry 3622 (class 2604 OID 18596)
-- Name: learner_answers id; Type: DEFAULT; Schema: public; Owner: postgres
--

ALTER TABLE ONLY public.learner_answers ALTER COLUMN id SET DEFAULT nextval('public.learner_answers_id_seq'::regclass);


--
-- TOC entry 3605 (class 2604 OID 18517)
-- Name: learner_progresses id; Type: DEFAULT; Schema: public; Owner: postgres
--

ALTER TABLE ONLY public.learner_progresses ALTER COLUMN id SET DEFAULT nextval('public.learner_progresses_id_seq'::regclass);


--
-- TOC entry 3613 (class 2604 OID 18541)
-- Name: learner_videos id; Type: DEFAULT; Schema: public; Owner: postgres
--

ALTER TABLE ONLY public.learner_videos ALTER COLUMN id SET DEFAULT nextval('public.learner_videos_id_seq'::regclass);


--
-- TOC entry 3675 (class 2604 OID 18897)
-- Name: learners id; Type: DEFAULT; Schema: public; Owner: postgres
--

ALTER TABLE ONLY public.learners ALTER COLUMN id SET DEFAULT nextval('public.learners_id_seq'::regclass);


--
-- TOC entry 3630 (class 2604 OID 18639)
-- Name: lessons id; Type: DEFAULT; Schema: public; Owner: postgres
--

ALTER TABLE ONLY public.lessons ALTER COLUMN id SET DEFAULT nextval('public.lessons_id_seq'::regclass);


--
-- TOC entry 3699 (class 2604 OID 19352)
-- Name: migrations id; Type: DEFAULT; Schema: public; Owner: postgres
--

ALTER TABLE ONLY public.migrations ALTER COLUMN id SET DEFAULT nextval('public.migrations_id_seq'::regclass);


--
-- TOC entry 3575 (class 2604 OID 18307)
-- Name: notifications id; Type: DEFAULT; Schema: public; Owner: postgres
--

ALTER TABLE ONLY public.notifications ALTER COLUMN id SET DEFAULT nextval('public.notifications_id_seq'::regclass);


--
-- TOC entry 3594 (class 2604 OID 18461)
-- Name: payments id; Type: DEFAULT; Schema: public; Owner: postgres
--

ALTER TABLE ONLY public.payments ALTER COLUMN id SET DEFAULT nextval('public.payments_id_seq'::regclass);


--
-- TOC entry 3640 (class 2604 OID 18691)
-- Name: provinces id; Type: DEFAULT; Schema: public; Owner: postgres
--

ALTER TABLE ONLY public.provinces ALTER COLUMN id SET DEFAULT nextval('public.provinces_id_seq'::regclass);


--
-- TOC entry 3624 (class 2604 OID 18604)
-- Name: question_options id; Type: DEFAULT; Schema: public; Owner: postgres
--

ALTER TABLE ONLY public.question_options ALTER COLUMN id SET DEFAULT nextval('public.question_options_id_seq'::regclass);


--
-- TOC entry 3627 (class 2604 OID 18615)
-- Name: questions id; Type: DEFAULT; Schema: public; Owner: postgres
--

ALTER TABLE ONLY public.questions ALTER COLUMN id SET DEFAULT nextval('public.questions_id_seq'::regclass);


--
-- TOC entry 3620 (class 2604 OID 18588)
-- Name: quiz_attempts id; Type: DEFAULT; Schema: public; Owner: postgres
--

ALTER TABLE ONLY public.quiz_attempts ALTER COLUMN id SET DEFAULT nextval('public.quiz_attempts_id_seq'::regclass);


--
-- TOC entry 3629 (class 2604 OID 18625)
-- Name: quizzes id; Type: DEFAULT; Schema: public; Owner: postgres
--

ALTER TABLE ONLY public.quizzes ALTER COLUMN id SET DEFAULT nextval('public.quizzes_id_seq'::regclass);


--
-- TOC entry 3586 (class 2604 OID 18365)
-- Name: request_actions id; Type: DEFAULT; Schema: public; Owner: postgres
--

ALTER TABLE ONLY public.request_actions ALTER COLUMN id SET DEFAULT nextval('public.request_actions_id_seq'::regclass);


--
-- TOC entry 3588 (class 2604 OID 18395)
-- Name: requests id; Type: DEFAULT; Schema: public; Owner: postgres
--

ALTER TABLE ONLY public.requests ALTER COLUMN id SET DEFAULT nextval('public.requests_id_seq'::regclass);


--
-- TOC entry 3574 (class 2604 OID 18288)
-- Name: roles id; Type: DEFAULT; Schema: public; Owner: postgres
--

ALTER TABLE ONLY public.roles ALTER COLUMN id SET DEFAULT nextval('public.roles_id_seq'::regclass);


--
-- TOC entry 3592 (class 2604 OID 18441)
-- Name: schedules id; Type: DEFAULT; Schema: public; Owner: postgres
--

ALTER TABLE ONLY public.schedules ALTER COLUMN id SET DEFAULT nextval('public.schedules_id_seq'::regclass);


--
-- TOC entry 3659 (class 2604 OID 18793)
-- Name: session_earnings id; Type: DEFAULT; Schema: public; Owner: postgres
--

ALTER TABLE ONLY public.session_earnings ALTER COLUMN id SET DEFAULT nextval('public.session_earnings_id_seq'::regclass);


--
-- TOC entry 3661 (class 2604 OID 18811)
-- Name: sessions id; Type: DEFAULT; Schema: public; Owner: postgres
--

ALTER TABLE ONLY public.sessions ALTER COLUMN id SET DEFAULT nextval('public.sessions_id_seq'::regclass);


--
-- TOC entry 3633 (class 2604 OID 18663)
-- Name: subjects id; Type: DEFAULT; Schema: public; Owner: postgres
--

ALTER TABLE ONLY public.subjects ALTER COLUMN id SET DEFAULT nextval('public.subjects_id_seq'::regclass);


--
-- TOC entry 3689 (class 2604 OID 18968)
-- Name: users id; Type: DEFAULT; Schema: public; Owner: postgres
--

ALTER TABLE ONLY public.users ALTER COLUMN id SET DEFAULT nextval('public.users_id_seq'::regclass);


--
-- TOC entry 3618 (class 2604 OID 18573)
-- Name: videos id; Type: DEFAULT; Schema: public; Owner: postgres
--

ALTER TABLE ONLY public.videos ALTER COLUMN id SET DEFAULT nextval('public.videos_id_seq'::regclass);


--
-- TOC entry 3667 (class 2604 OID 18851)
-- Name: wallet_transactions id; Type: DEFAULT; Schema: public; Owner: postgres
--

ALTER TABLE ONLY public.wallet_transactions ALTER COLUMN id SET DEFAULT nextval('public.wallet_transactions_id_seq'::regclass);


--
-- TOC entry 3670 (class 2604 OID 18868)
-- Name: wallets id; Type: DEFAULT; Schema: public; Owner: postgres
--

ALTER TABLE ONLY public.wallets ALTER COLUMN id SET DEFAULT nextval('public.wallets_id_seq'::regclass);


--
-- TOC entry 3665 (class 2604 OID 18835)
-- Name: withdrawal_requests id; Type: DEFAULT; Schema: public; Owner: postgres
--

ALTER TABLE ONLY public.withdrawal_requests ALTER COLUMN id SET DEFAULT nextval('public.withdrawal_requests_id_seq'::regclass);


--
-- TOC entry 4134 (class 0 OID 18930)
-- Dependencies: 290
-- Data for Name: achievement_progresses; Type: TABLE DATA; Schema: public; Owner: postgres
--

COPY public.achievement_progresses (id, current_progress, updated_at, achievement_id, user_id) FROM stdin;
6	67	2025-12-14 02:03:03.136676	10	2
12	30	2025-12-14 04:26:02.923381	10	1
8	100	2025-12-05 14:19:19.951228	9	4
4	100	2025-11-27 10:47:58.915872	8	2
2	14	2025-12-06 01:45:55.520881	9	6
3	3	2025-12-06 01:45:55.544481	10	6
7	100	2025-11-30 23:26:55.661875	8	4
5	100	2025-12-01 03:41:39.503156	9	2
30	0	2025-12-08 01:00:12.473907	15	4
31	0	2025-12-08 01:00:12.485735	16	4
32	0	2025-12-08 01:00:12.495929	17	4
1	100	2025-12-01 04:57:23.437467	8	6
13	20	2025-12-01 10:59:58.07616	5	6
15	0	2025-12-01 11:40:57.931628	15	6
16	0	2025-12-01 11:40:57.943363	16	6
17	100	2025-12-01 11:41:01.804505	17	6
14	60	2025-12-08 06:37:58.466649	5	4
10	100	2025-12-03 01:18:35.155152	8	1
11	100	2025-12-12 15:24:27.373597	9	1
9	7	2025-12-14 00:16:03.227888	10	4
\.


--
-- TOC entry 4140 (class 0 OID 18990)
-- Dependencies: 296
-- Data for Name: achievement_tracking; Type: TABLE DATA; Schema: public; Owner: postgres
--

COPY public.achievement_tracking (id, event_name, event_count, metadata, last_event_at, created_at, updated_at, user_id, achievement_id) FROM stdin;
12	DAILY_LOGIN	9	{"maxStreak": 9, "startDate": "2025-12-06T02:47:34.725Z", "currentStreak": 9, "lastBreakDate": "2025-12-06T02:47:34.725Z"}	2025-12-14 04:26:02.89	2025-11-26 12:55:21.972023	2025-12-14 04:26:02.900259	1	10
7	DAILY_LOGIN	3	{"maxStreak": 3, "startDate": "2025-11-29T09:31:26.262Z", "currentStreak": 3, "lastBreakDate": "2025-11-29T09:31:26.262Z"}	2025-12-01 06:26:55.202	2025-11-26 09:36:24.05513	2025-11-30 23:26:55.318002	4	8
4	DAILY_LOGIN	3	{"maxStreak": 3, "startDate": "2025-11-25T19:01:27.060Z", "currentStreak": 3}	2025-11-27 10:47:58.893	2025-11-25 19:01:27.066685	2025-11-27 10:47:58.903737	2	8
5	DAILY_LOGIN	7	{"maxStreak": 7, "startDate": "2025-11-25T19:01:27.082Z", "currentStreak": 7}	2025-12-01 03:41:39.488	2025-11-25 19:01:27.089495	2025-12-01 03:41:39.491299	2	9
10	DAILY_LOGIN	3	{"maxStreak": 3, "startDate": "2025-12-01T04:26:08.090Z", "currentStreak": 3, "lastBreakDate": "2025-12-01T04:26:08.090Z"}	2025-12-03 01:18:35.133	2025-11-26 12:55:20.646518	2025-12-03 01:18:35.143465	1	8
1	DAILY_LOGIN	3	{"maxStreak": 3, "startDate": "2025-11-29T09:28:51.714Z", "currentStreak": 3, "lastBreakDate": "2025-11-29T09:28:51.714Z"}	2025-12-01 04:57:23.424	2025-11-25 18:29:40.430061	2025-12-01 04:57:23.426395	6	8
8	DAILY_LOGIN	7	{"maxStreak": 7, "startDate": "2025-11-29T09:31:26.281Z", "currentStreak": 7, "lastBreakDate": "2025-11-29T09:31:26.281Z"}	2025-12-05 14:19:19.926	2025-11-26 09:36:24.085219	2025-12-05 14:19:19.936859	4	9
2	DAILY_LOGIN	1	{"maxStreak": 4, "startDate": "2025-12-06T01:45:55.493Z", "currentStreak": 1, "lastBreakDate": "2025-12-06T01:45:55.493Z"}	2025-12-06 01:45:55.493	2025-11-25 18:29:40.454331	2025-12-06 01:45:55.506949	6	9
3	DAILY_LOGIN	1	{"maxStreak": 4, "startDate": "2025-12-06T01:45:55.519Z", "currentStreak": 1, "lastBreakDate": "2025-12-06T01:45:55.519Z"}	2025-12-06 01:45:55.519	2025-11-25 18:29:40.472483	2025-12-06 01:45:55.532924	6	10
13	SESSION_ATTENDED	1	\N	2025-12-01 10:59:58.063	2025-12-01 10:59:58.064432	2025-12-01 10:59:58.064432	6	5
14	SESSION_ATTENDED	3	\N	2025-12-08 06:37:58.443	2025-12-01 10:59:58.110099	2025-12-08 06:37:58.453161	4	5
11	DAILY_LOGIN	7	{"maxStreak": 7, "startDate": "2025-12-06T02:47:34.704Z", "currentStreak": 7, "lastBreakDate": "2025-12-06T02:47:34.704Z"}	2025-12-12 15:24:27.353	2025-11-26 12:55:21.302608	2025-12-12 15:24:27.363069	1	9
9	DAILY_LOGIN	2	{"maxStreak": 10, "startDate": "2025-12-13T05:32:32.209Z", "currentStreak": 2, "lastBreakDate": "2025-12-13T05:32:32.209Z"}	2025-12-14 00:16:03.199	2025-11-26 09:36:24.108006	2025-12-14 00:16:03.210221	4	10
6	DAILY_LOGIN	20	{"maxStreak": 20, "startDate": "2025-11-25T19:01:27.100Z", "currentStreak": 20}	2025-12-14 02:03:03.114	2025-11-25 19:01:27.106353	2025-12-14 02:03:03.125111	2	10
\.


--
-- TOC entry 4132 (class 0 OID 18918)
-- Dependencies: 288
-- Data for Name: achievements; Type: TABLE DATA; Schema: public; Owner: postgres
--

COPY public.achievements (id, name, description, icon_url, is_active, created_at, target_count, entity_name, property_name, comparison_operator, target_value, target_streak_length, streak_unit, type, created_by, event_name) FROM stdin;
1	Bc u Tin	Hon thnh bi hc u tin ca bn	https://api.dicebear.com/7.x/icons/svg?seed=first-step	t	2025-11-25 18:28:16.884349	1	\N	\N	\N	\N	\N	\N	EVENT_COUNT	1	LESSON_COMPLETED
2	Ngi Hc Chm Ch	Hon thnh 10 bi hc	https://api.dicebear.com/7.x/icons/svg?seed=hard-worker	t	2025-11-25 18:28:17.055028	10	\N	\N	\N	\N	\N	\N	EVENT_COUNT	1	LESSON_COMPLETED
3	Hc Gi	Hon thnh 50 bi hc	https://api.dicebear.com/7.x/icons/svg?seed=scholar	t	2025-11-25 18:28:17.221596	50	\N	\N	\N	\N	\N	\N	EVENT_COUNT	1	LESSON_COMPLETED
4	Bc Thy Kin Thc	Hon thnh 100 bi hc	https://api.dicebear.com/7.x/icons/svg?seed=master	t	2025-11-25 18:28:17.380587	100	\N	\N	\N	\N	\N	\N	EVENT_COUNT	1	LESSON_COMPLETED
5	Ngi Tham Gia Tch Cc	Tham gia 5 bui hc trc tuyn	https://api.dicebear.com/7.x/icons/svg?seed=active-participant	t	2025-11-25 18:28:17.545668	5	\N	\N	\N	\N	\N	\N	EVENT_COUNT	1	SESSION_ATTENDED
6	Chin Binh Video	Xem 20 video bi ging	https://api.dicebear.com/7.x/icons/svg?seed=video-warrior	t	2025-11-25 18:28:17.742047	20	\N	\N	\N	\N	\N	\N	EVENT_COUNT	1	VIDEO_WATCHED
7	Ngi Hon Thnh Kha Hc	Hon thnh 3 kha hc	https://api.dicebear.com/7.x/icons/svg?seed=course-finisher	t	2025-11-25 18:28:17.899789	3	\N	\N	\N	\N	\N	\N	EVENT_COUNT	1	COURSE_COMPLETED
8	ng Nhp Hng Ngy	ng nhp 3 ngy lin tip	https://api.dicebear.com/7.x/icons/svg?seed=daily-login	t	2025-11-25 18:28:18.06205	\N	\N	\N	\N	\N	3	days	STREAK	1	DAILY_LOGIN
9	Chin Binh Tun	ng nhp 7 ngy lin tip	https://api.dicebear.com/7.x/icons/svg?seed=week-warrior	t	2025-11-25 18:28:18.224145	\N	\N	\N	\N	\N	7	days	STREAK	1	DAILY_LOGIN
10	Ngi Kin Tr Thng	ng nhp 30 ngy lin tip	https://api.dicebear.com/7.x/icons/svg?seed=month-dedication	t	2025-11-25 18:28:18.403381	\N	\N	\N	\N	\N	30	days	STREAK	1	DAILY_LOGIN
11	Hc Mi Ngy	Hon thnh bi hc 5 ngy lin tip	https://api.dicebear.com/7.x/icons/svg?seed=daily-study	t	2025-11-25 18:28:18.556792	\N	\N	\N	\N	\N	5	days	STREAK	1	DAILY_LESSON
12	Luyn Tp u n	Lm quiz 7 ngy lin tip	https://api.dicebear.com/7.x/icons/svg?seed=daily-practice	t	2025-11-25 18:28:18.710604	\N	\N	\N	\N	\N	7	days	STREAK	1	DAILY_QUIZ
13	Tham Gia Tch Cc	Tham gia session 3 tun lin tip	https://api.dicebear.com/7.x/icons/svg?seed=active-attendance	t	2025-11-25 18:28:18.867995	\N	\N	\N	\N	\N	3	weeks	STREAK	1	WEEKLY_SESSION
14	Video Hng Ngy	Xem video 10 ngy lin tip	https://api.dicebear.com/7.x/icons/svg?seed=daily-video	t	2025-11-25 18:28:19.034916	\N	\N	\N	\N	\N	10	days	STREAK	1	DAILY_VIDEO
15	Hc Sinh Gii	t im trung bnh quiz >= 80%	https://api.dicebear.com/7.x/icons/svg?seed=excellent-student	t	2025-11-25 18:28:19.201065	\N	LearnerProgress	avgQuizScore	>=	80	\N	\N	PROPERTY_CHECK	1	QUIZ_COMPLETED
16	Hc Sinh Xut Sc	t im trung bnh quiz >= 90%	https://api.dicebear.com/7.x/icons/svg?seed=outstanding-student	t	2025-11-25 18:28:19.358921	\N	LearnerProgress	avgQuizScore	>=	90	\N	\N	PROPERTY_CHECK	1	QUIZ_COMPLETED
17	Hon Ho	t im quiz 100%	https://api.dicebear.com/7.x/icons/svg?seed=perfect-score	t	2025-11-25 18:28:19.525562	\N	Quiz	score	==	100	\N	\N	PROPERTY_CHECK	1	QUIZ_COMPLETED
18	Gio Vin c Yu Thch	Coach t rating trung bnh >= 4.5 sao	https://api.dicebear.com/7.x/icons/svg?seed=beloved-coach	t	2025-11-25 18:28:19.683299	\N	Coach	averageRating	>=	4.5	\N	\N	PROPERTY_CHECK	1	FEEDBACK_RECEIVED
19	Tin  Vng Chc	t tin  kha hc >= 50%	https://api.dicebear.com/7.x/icons/svg?seed=solid-progress	t	2025-11-25 18:28:19.836994	\N	LearnerProgress	progress	>=	50	\N	\N	PROPERTY_CHECK	1	LESSON_COMPLETED
20	Sp Hon Thnh	t tin  kha hc >= 80%	https://api.dicebear.com/7.x/icons/svg?seed=almost-done	t	2025-11-25 18:28:19.999081	\N	LearnerProgress	progress	>=	80	\N	\N	PROPERTY_CHECK	1	LESSON_COMPLETED
21	Ngi Tham Gia Tch Cc	Tham d t nht 5 bui session	https://api.dicebear.com/7.x/icons/svg?seed=active-attendee	t	2025-11-25 18:28:20.157551	\N	Enrollment	sessionCount	>=	5	\N	\N	PROPERTY_CHECK	1	SESSION_ATTENDEDD
\.


--
-- TOC entry 4148 (class 0 OID 20145)
-- Dependencies: 304
-- Data for Name: ai_learner_progress_analyses; Type: TABLE DATA; Schema: public; Owner: postgres
--

COPY public.ai_learner_progress_analyses (id, "overallSummary", progress_percentage, strengths_identified, areas_for_improvement, quiz_performance_analysis, video_performance_analysis, recommendations_for_next_session, practice_drills, motivational_message, sessions_completed_at_analysis, total_sessions_at_analysis, created_at, user_id, learner_progress_id, title) FROM stdin;
2	L Vn C  hon thnh bui hc u tin ca Kha Nhp mn Pickleball, t 25% tin  kha hc. y l giai on lm quen, hc vin  th hin mt s im tt v t th khi u trong k thut c thun tay nhng vn cn cng c kin thc c bn v lut v sn thi u, ng thi ci thin cc yu t k thut quan trng ca c thun tay  xy dng nn tng vng chc.	25	["T th khi u tt trong c thun tay, cho thy s ch  n k thut nn tng ban u.","Mt vt c v vung gc ti im tip xc bng trong c thun tay, gip to ra c nh thng v c kim sot.","Vt vung qua c th mt cch t nhin, l yu t cn thit  to lc v hon thnh c nh."]	["Kin thc c bn v lut chi, kch thc sn v chiu cao li Pickleball.","K thut ko vt v sau (backswing) cho c thun tay, c bit l vic h vt ng cch.","im tip xc bng ti u trong c thun tay  tng cng kim sot v lc nh.","S tham gia ca thn di v xoay ngi trong c thun tay  truyn lc hiu qu hn.","Theo  vung vt (follow-through) cn c ko di v m rng hn  ti u lc v  chnh xc."]	{"averageScore":20,"summary":"L Vn C cn n li cc kin thc c bn v Pickleball. Mc d  hon thnh quiz, im s 20% cho thy hc vin cha nm vng cc quy tc c bn, kch thc sn v mc tiu tr chi.","topicsMastered":[],"topicsNeedingReview":["Quy tc c bn ca Pickleball v i tng ph hp","Mc tiu v cch tnh im trong Pickleball","Kch thc sn Pickleball tiu chun","Chiu cao li Pickleball"]}	{"averageScore":68,"summary":"Phn tch c thun tay cho thy L Vn C c t th chun b ban u tt nhng gp kh khn  cc giai on sau ca c nh. ng tc ko vt v sau cn cao, im tip xc bng cha ti u v theo  vung vt cha  di, nh hng n lc v kim sot.","techniqueStrengths":["T th khi u tt.","Mt vt c v vung gc ti im tip xc.","Vt vung qua c th."],"techniqueWeaknesses":["u vt gi qu cao khi ko vt v sau (c tay cao hn khuu tay).","Phn thn di t tham gia hiu qu vo vic h vt.","im tip xc bng cao hn r rt (ngang eo/ngc).","Xoay ngi cha  trong sut c vung.","Cnh tay vn ra qu mc so vi l tng, gim truyn lc.","Theo  vung vt ngn hn v kt thc cao hn.","t s linh hot trong chuyn ng sau khi tip xc bng."]}	[{"priority":"HIGH","title":"Nm vng Kin thc C bn v Pickleball","description":"Dnh thi gian n tp li cc quy tc c bn, kch thc sn, chiu cao li v mc tiu ca tr chi Pickleball. Vic nm chc l thuyt l nn tng quan trng trc khi i su vo k thut.","focusAreas":["Lut chi","Kch thc sn","Chiu cao li","Mc tiu tr chi"]},{"priority":"HIGH","title":"Ci thin K thut Ko vt v im Tip xc trong C thun tay","description":"Tp trung thc hnh ng tc ko vt v sau sao cho u vt thp hn khuu tay v im tip xc bng l tng  ngang hng hoc di eo  ti u ha lc v kim sot.","focusAreas":["Ko vt v sau (backswing)","im tip xc bng (contact point)","C thun tay (forehand)"]},{"priority":"MEDIUM","title":"Ti u ha Theo  vung vt v Xoay ngi","description":"Luyn tp ko di theo  vung vt qua vai i din  truyn ht lc t c th vo bng. ng thi, ch  xoay vai v hng nhiu hn trong sut c vung  tng sc mnh v s n nh.","focusAreas":["Theo  vung vt (follow-through)","Xoay ngi (body rotation)","Truyn lc"]},{"priority":"MEDIUM","title":"S dng Thn di hiu qu","description":"Tch hp chuyn ng ca chn v hng vo c nh  to ra lc nh mnh m hn v gi thng bng tt hn. Thc hin cc bi tp di chuyn chn kt hp vi c nh.","focusAreas":["S dng thn di","Di chuyn chn","Truyn lc"]}]	[{"name":"Quiz 'Pickleball 101'","description":"Thc hin li bi quiz v lut chi, kch thc sn v li Pickleball cho n khi t im tuyt i.","targetArea":"Kin thc c bn, Lut chi","sets":"1-2 ln mi ngy cho n khi t 100%"},{"name":"Shadow Swing 'Lower Backswing'","description":"ng trc gng, thc hin cc c swing khng bng, tp trung vo vic h thp u vt khi ko vt v sau, gi c tay thp hn khuu tay.","targetArea":"Ko vt v sau (backswing) c thun tay","sets":"3 sets x 15 reps"},{"name":"Drop Ball Forehand Contact","description":"Nh bn hoc hun luyn vin th bng t  cao ngang vai, tp trung nh bng khi n  im tip xc l tng (ngang hng hoc di eo), thc hnh gi mt vt vung gc.","targetArea":"im tip xc bng c thun tay","sets":"3 sets x 20 reps"},{"name":"Wall Dinks & Drives - Follow-through Focus","description":"nh bng vo tng, tp trung thc hin theo  vung vt di v kt thc qua vai i din cho c c dink nh v c drive mnh.","targetArea":"Theo  vung vt (follow-through), Kim sot bng","sets":"3 sets x 25 reps"},{"name":"Cone Drill - Rotation & Footwork","description":"t 2-3 hnh nn to thnh mt ng cho, di chuyn quanh hnh nn, dng li v m phng c thun tay, tp trung xoay hng v vai cng vi di chuyn chn.","targetArea":"Xoay ngi, Di chuyn chn, S dng thn di","sets":"3 sets x 10 rotations"}]	L Vn C, bn  c mt khi u tuyt vi vi bui hc u tin! Vic nhn din v ci thin cc k thut c bn ngay t u l cha kha  tin b nhanh chng. Hy tip tc kin tr luyn tp, v ti tin rng bn s sm thy s khc bit r rt trn sn. C ln!	1	4	2025-12-11 10:00:04.760447	4	6	Phn tch tin  bui 1/4 - Kha Nhp mn Pickleball ca L Vn C
\.


--
-- TOC entry 4146 (class 0 OID 20114)
-- Dependencies: 302
-- Data for Name: ai_subject_generations; Type: TABLE DATA; Schema: public; Owner: postgres
--

COPY public.ai_subject_generations (id, prompt, "generatedData", status, created_at, updated_at, deleted_at, requested_by, created_subject_id) FROM stdin;
1	Ti liu v chin thut nh i nng cao trong pickleball. Ti liu s c 3 bi hc.	{"name": "Chin Thut nh i Nng Cao Pickleball", "level": "INTERMEDIATE", "lessons": [{"name": "V Tr v Di Chuyn Thng Minh Trn Sn i", "quiz": {"title": "Kim tra V Tr v Di Chuyn Thng Minh Trn Sn i", "questions": [{"title": "Ti sao vic duy tr v tr  vch Kitchen li quan trng trong nh i?", "options": [{"content": " trnh b i th nh bng qua u", "isCorrect": false}, {"content": " c th thc hin cc c volley v kim sot bng tt hn", "isCorrect": false}, {"content": " d dng tr bng t baseline", "isCorrect": true}, {"content": " ngh ngi gia cc im", "isCorrect": false}], "explanation": "Duy tr v tr  vch Kitchen (Non-Volley Zone) cho php bn c th thc hin cc c volley mnh m v kim sot bng tt hn, gy p lc ln i th v to c hi tn cng."}, {"title": "Khi ng i ca bn thc hin mt c nh tn cng su, bn nn di chuyn nh th no?", "options": [{"content": "Li v pha baseline", "isCorrect": false}, {"content": "ng yn ti ch", "isCorrect": false}, {"content": "Tin ln pha trc, gn vch Kitchen", "isCorrect": true}, {"content": "Di chuyn sang mt bn", "isCorrect": false}], "explanation": "Khi ng i nh bng su v to p lc, bn nn di chuyn ln pha trc, gn vch Kitchen hn  sn sng cho c volley tip theo hoc h tr ng i kt thc im."}, {"title": "iu no sau y l nguyn tc quan trng nht trong vic di chuyn ng b ca cp i?", "options": [{"content": "Lun di chuyn cng lc vi ng i", "isCorrect": false}, {"content": "Ngi chi mnh hn nn di chuyn nhiu hn", "isCorrect": false}, {"content": "Gi khong cch u gia hai ngi chi", "isCorrect": true}, {"content": "Ch di chuyn khi bng i qua mnh", "isCorrect": false}], "explanation": "Gi khong cch u gia hai ngi chi m bo khng c khong trng ln no trn sn b b ng, gip che ph hiu qu hn v h tr ln nhau."}, {"title": "M hnh di chuyn 'side-by-side' (song song) c  ngha g trong nh i?", "options": [{"content": "Mt ngi  Kitchen, mt ngi  baseline", "isCorrect": false}, {"content": "C hai ngi chi di chuyn ln hoc xung sn cng lc, gi v tr song song", "isCorrect": true}, {"content": "Ch ngi chi thun tay phi  bn phi sn", "isCorrect": false}, {"content": "Hai ngi chi ng cho nhau trn sn", "isCorrect": false}], "explanation": "M hnh 'side-by-side' l khi c hai ngi chi di chuyn ln hoc xung sn cng lc, gi v tr tng i song song vi nhau  che ph sn ngang hiu qu nht."}, {"title": "Khi no th nn thay i v tr t 'side-by-side' sang 'up-and-back'?", "options": [{"content": "Khi i th nh bng ra ngoi", "isCorrect": false}, {"content": "Khi mt ngi chi cn li v baseline  tr bng su v sau  tin ln Kitchen", "isCorrect": true}, {"content": "Khi bn mun to bt ng cho i th", "isCorrect": false}, {"content": "Khi c hai ngi chi u mt mi", "isCorrect": false}], "explanation": "'Up-and-back' (mt ngi ln Kitchen, mt ngi li v) thng c s dng khi mt trong hai ngi chi cn tr bng su t baseline v cn thi gian  tin ln Kitchen, trong khi ngi kia duy tr v tr  Kitchen  gi p lc."}], "description": "Bi kim tra ny s nh gi s hiu bit ca bn v v tr v di chuyn chin thut trong nh i pickleball."}, "video": {"tags": ["V tr sn", "Di chuyn i", "Kitchen line", "Phng th", "Tn cng"], "title": "Ngh Thut V Tr v Di Chuyn i", "drillName": "Drill Di Chuyn ng B i", "description": "Video ny s hng dn chi tit v cc v tr l tng trn sn trong nh i, tp trung vo cch di chuyn hi ha gia hai ngi chi. Bn s thy cc v d thc t v cch duy tr p lc  vch Kitchen, cch phc hi v tr sau khi nh, v cch trnh b i th khai thc khong trng. Video cng nhn mnh tm quan trng ca vic di chuyn theo cp v gi khong cch hp l  ti u ha kh nng phng th v tn cng.", "drillDescription": "Thc hnh di chuyn song song: Hai ngi chi ng  vch Kitchen, m phng cc c nh volley v di chuyn sang ngang, ln xung ng b  gi khong cch u. Ch trng vo vic lun quay mt v pha li v gi vt  v tr sn sng. Sau , mt ngi li v baseline  tr bng, ngi kia vn  Kitchen, sau  ngi nh baseline s tin ln Kitchen ngay lp tc.", "drillPracticeSets": "5 sets x 2 pht mi set"}, "description": "Bi hc ny tp trung vo tm quan trng ca v tr v di chuyn hiu qu trong nh i pickleball. Bn s hc cch duy tr v tr ti u  vch Kitchen (Non-Volley Zone), cch di chuyn ng b vi ng i khi tn cng v phng th, v cch che ph cc khong trng trn sn. Chng ta s khm ph cc m hnh di chuyn ph bin nh 'side-by-side' v 'up-and-back'  m bo bn v ng i lun  v tr tt nht  kim sot trn u v phn ng nhanh vi cc c nh ca i th.", "lessonNumber": 1}, {"name": "La Chn C nh Tn Cng v Phng Th Nng Cao", "quiz": {"title": "Kim tra La Chn C nh Tn Cng v Phng Th Nng Cao", "questions": [{"title": "Khi i th ang ng  vch Kitchen v bn c c hi, c nh no sau y hiu qu nht  'm' sn?", "options": [{"content": "C 'dink' thng vo li", "isCorrect": false}, {"content": "C 'drive' mnh vo khong trng trn sn i th", "isCorrect": true}, {"content": "C 'lob' cao v cui sn", "isCorrect": false}, {"content": "C 'smash' vo chn i th", "isCorrect": false}], "explanation": "Mt c 'drive' (nh mnh, su) vo khong trng gia hoc ra ra sn i th c th buc h phi di chuyn, to ra khong trng  tn cng tip theo hoc buc h nh bng li."}, {"title": "Mc ch chnh ca c 'dink' chin thut l g?", "options": [{"content": " kt thc im ngay lp tc", "isCorrect": false}, {"content": " lm chm nhp  trn u v kim sot bng  vch Kitchen", "isCorrect": true}, {"content": " nh bng mnh qua i th", "isCorrect": false}, {"content": " buc i th phi li v baseline", "isCorrect": false}], "explanation": "C 'dink' chin thut nhm mc ch gi bng thp, buc i th phi ci xung nh, gy kh khn cho vic tn cng ngc li v c th to c hi cho bn tn cng khi i th mc li hoc nh bng ln cao."}, {"title": "Khi bn b i th tn cng mnh lin tc  vch Kitchen, c nh no l la chn tt  'reset' im?", "options": [{"content": "Tip tc 'smash' tr li", "isCorrect": false}, {"content": "C 'reset' (nh bng nh nhng vo Kitchen i th  ginh li quyn kim sot)", "isCorrect": true}, {"content": "C 'lob' cao ra ngoi sn", "isCorrect": false}, {"content": "C gng nh thng ra ngoi bin", "isCorrect": false}], "explanation": "C 'reset' (thng l mt c 'dink' hoc 'drop' cao hn mt cht,   ri vo Kitchen i th m khng bay cao) gip lm chm nhp , v hiu ha  tn cng ca i th v cho bn thi gian  phc hi v tr."}, {"title": "Trong tnh hung i th nh bng 'lob' cao qua u bn khi bn ang  Kitchen, phn ng u tin ca bn nn l g?", "options": [{"content": "C gng nhy ln v 'smash' bng", "isCorrect": false}, {"content": "Li nhanh v pha baseline  tr bng v tin ln li", "isCorrect": true}, {"content": "ng yn v ch ng i x l", "isCorrect": false}, {"content": "B qua bng v ch giao bng li", "isCorrect": false}], "explanation": "Khi i th 'lob' qua u, iu quan trng l phi li nhanh v pha baseline  c th tr bng v sau  tin ln li vch Kitchen  ti lp v tr tn cng."}, {"title": "im yu no ca i th thng c khai thc bng c 'drive'?", "options": [{"content": "Kh nng 'dink' tt", "isCorrect": false}, {"content": "Phn x chm hoc di chuyn hn ch", "isCorrect": true}, {"content": "K nng 'smash' mnh", "isCorrect": false}, {"content": "Kh nng giao bng chnh xc", "isCorrect": false}], "explanation": "C 'drive' mnh v su c th khai thc im yu ca i th nu h c phn x chm, kh nng di chuyn hn ch, hoc khng thoi mi khi x l bng  tc  cao hoc  vng sn gia."}], "description": "Bi kim tra ny s nh gi kh nng ca bn trong vic la chn v thc hin cc c nh tn cng v phng th chin lc trong nh i."}, "video": {"tags": ["Dink", "Drive", "Smash", "Drop shot", "Reset", "Chin thut tn cng", "Chin thut phng th"], "title": "Kho V Kh C nh i Ti u", "drillName": "Drill Tn Cng/Phng Th C nh a Dng", "description": "Video ny minh ha cc loi c nh tn cng v phng th khc nhau trong nh i nng cao. Bn s c xem cc v d v 'dink' chin lc  di chuyn i th, 'drive'  to khong trng, v 'smash'  kt thc im. Video cng ch ra cch s dng cc c 'reset' v 'block'  ha gii p lc ca i th, ng thi cung cp mo  c  nh ca i th v chn c nh phn cng hiu qu nht.", "drillDescription": "Thc hnh 'dink' mc tiu v 'drive' khong trng: Hai cp i ng  vch Kitchen. Mt cp thc hin cc c 'dink' t bng vo cc gc c th ca sn i th. Cp cn li phng th v c gng 'dink' tr li hoc thc hin c 'drive' vo khong trng khi c c hi. Lun phin vai tr tn cng/phng th.", "drillPracticeSets": "4 sets x 5 pht mi set"}, "description": "Bi hc ny s o su vo ngh thut la chn c nh trong nh i. Bn s hc cch phn tch tnh hung  quyt nh khi no nn thc hin mt c 'dink' mm mi, khi no nn nh mt c 'drive' mnh m, v khi no l thi im thch hp  'smash' hoc 'drop shot'. Chng ta cng s xem xt cc chin lc phng th nh cch tr giao bng hiu qu, cch chn cc c smash, v cch s dng cc c 'reset'  ginh li quyn kim sot im. Mc tiu l gip bn pht trin mt kho v kh c nh a dng v bit cch p dng chng mt cch chin lc.", "lessonNumber": 2}, {"name": "Giao Tip, Lm Vic Nhm v Thch Nghi vi i Th", "quiz": {"title": "Kim tra Giao Tip, Lm Vic Nhm v Thch Nghi vi i Th", "questions": [{"title": "Ti sao vic giao tip l ti quan trng trong nh i pickleball?", "options": [{"content": " lm phn tm i th", "isCorrect": false}, {"content": " trnh nhm ln, phi hp tt hn v che ph sn hiu qu", "isCorrect": true}, {"content": " ra hiu cho trng ti", "isCorrect": false}, {"content": " khoe khoang vi khn gi", "isCorrect": false}], "explanation": "Giao tip gip trnh nhm ln v vic ai s nh bng, m bo s phi hp nhp nhng v gip che ph sn hiu qu hn, gim thiu cc li khng ng c."}, {"title": "Khi mt qu bng bay gia hai ngi chi, cch tt nht  quyt nh ai s nh l g?", "options": [{"content": "Ngi chi gn li hn nn nh", "isCorrect": false}, {"content": "Ngi chi no thun tay hn hoc  v tr tt hn nn gi bng v nh", "isCorrect": true}, {"content": "Ngi chi no pht bng  im trc nn nh", "isCorrect": false}, {"content": "Khng cn quyt nh,  bng t ri", "isCorrect": false}], "explanation": "Ngi chi no thun tay hn (forehand) hoc  v tr tt hn  nh (v d, ang tin v pha bng) nn gi bng v thc hin c nh. iu ny cn c thng nht t trc hoc ra hiu nhanh chng."}, {"title": "Khi bn nhn thy i th c mt c 'dink' yu  pha tay tri ca h, chin thut thch nghi ca bn nn l g?", "options": [{"content": "Trnh nh vo pha tay tri ca h  khng lm h bi ri", "isCorrect": false}, {"content": "Lin tc 'dink' bng vo pha tay tri ca i th  khai thc im yu", "isCorrect": true}, {"content": "nh mnh vo gia sn", "isCorrect": false}, {"content": "Ch tp trung vo c 'smash'", "isCorrect": false}], "explanation": "Khai thc im yu ca i th bng cch lin tc 'dink' bng vo pha tay tri yu ca h s gy p lc, buc h mc li hoc nh bng ln cao  bn tn cng."}, {"title": "Mt tn hiu phi li ni ph bin  ni vi ng i rng bn s nh bng 'lob' qua u i th l g?", "options": [{"content": "V tay hai ln", "isCorrect": false}, {"content": "Ch ngn tay ci ln cao (hoc ni 'lob')", "isCorrect": true}, {"content": "Lc u qua li", "isCorrect": false}, {"content": "Gi v nh bn s nh mt c 'smash'", "isCorrect": false}], "explanation": "Ch ngn tay ci ln cao hoc ni 'lob' l nhng cch hiu qu  thng bo  nh nh 'lob' ca bn, gip ng i chun b di chuyn hoc che ph sn sau."}, {"title": "iu g quan trng nht khi bn v ng i ca bn ang  trong tnh th phng th ko di?", "options": [{"content": "C gng kt thc im bng mt c 'smash' mo him", "isCorrect": false}, {"content": "Ku gi time-out ngay lp tc", "isCorrect": false}, {"content": "Kin nhn 'reset' im, gi bng an ton v ch c hi phn cng", "isCorrect": true}, {"content": "ng yn v ch i th mc li", "isCorrect": false}], "explanation": "Khi  th phng th, iu quan trng nht l phi kin nhn, c gng 'reset' im bng cch a bng an ton vo Kitchen i th hoc ch c hi phn cng. Hn ch cc c nh mo him c th dn n li."}], "description": "Bi kim tra ny s nh gi kin thc ca bn v giao tip, lm vic nhm v kh nng thch nghi chin thut trong nh i pickleball."}, "video": {"tags": ["Giao tip", "Lm vic nhm", "Thch nghi", "Phn tch i th", "Chin thut nng cao"], "title": "Sc Mnh Ca Teamwork v Thch Nghi", "drillName": "Drill Giao Tip v Thch Nghi Chin Thut", "description": "Video ny trnh by cc k thut giao tip hiu qu gia cc i tc trong nh i, bao gm c tn hiu tay v cc t ng ngn gn. N cng khm ph cch phn tch li chi ca i th ngay trong trn u, t  iu chnh chin thut  ginh li th. Bn s hc cch lm vic nhm  che ph sn, a ra quyt nh nhanh chng v cng nhau vt qua nhng tnh hung kh khn, bin im yu ca i th thnh c hi ca mnh.", "drillDescription": "Thc hnh giao tip v phn tch: Mt cp i chi u vi mt cp i khc. Sau mi 3-5 im, c hai i tm dng  tho lun v chin thut, im mnh/yu ca i th v cch phi hp tt hn. Ngi hng dn s a ra cc tnh hung khc nhau  cc i phi thch nghi (v d: i th chuyn 'dink', i th chuyn 'smash').", "drillPracticeSets": "3-4 trn u th nghim, mi trn 10-15 im"}, "description": "Bi hc cui cng ny tp trung vo cc yu t phi k thut nhng cc k quan trng: giao tip hiu qu, tinh thn ng i v kh nng thch nghi chin thut. Bn s hc cc phng php giao tip phi li ni v li ni  phi hp tt hn vi ng i, t vic gi bng, xc nh ai s nh, cho n vic ng vin ln nhau. Chng ta cng s tm hiu cch c trn u ca i th, nhn din im mnh, im yu ca h v iu chnh chin thut ca mnh mt cch linh hot. Bi hc ny s gip bn v ng i tr thnh mt n v gn kt, c kh nng gii quyt mi th thch trn sn.", "lessonNumber": 3}], "description": "Kha hc ny c thit k dnh cho nhng ngi chi pickleball mun nng cao k nng chin thut trong nh i. Bn s c hc cc nguyn tc c bn v nng cao v v tr trn sn, di chuyn thng minh, la chn c nh ph hp trong tng tnh hung, v cch giao tip hiu qu vi ng i. Kha hc i su vo cc chin lc tn cng v phng th, cch i ph vi nhng kiu i th khc nhau, v cch tn dng im yu ca i phng. Chng ti s phn tch cc tnh hung thc t, t  gip bn pht trin kh nng c trn u, ra quyt nh nhanh chng v ti u ha hiu sut thi u. Vi 3 bi hc chuyn su, bn s t tin hn khi bc vo sn, sn sng p dng cc chin thut phc tp  ginh chin thng trong cc trn u i."}	USED	2025-12-10 06:49:44.972282	2025-12-10 10:25:30.184044	\N	2	19
\.


--
-- TOC entry 4088 (class 0 OID 18549)
-- Dependencies: 244
-- Data for Name: ai_video_comparison_results; Type: TABLE DATA; Schema: public; Owner: postgres
--

COPY public.ai_video_comparison_results (id, summary, learner_score, "keyDifferents", details, "recommendationDrills", coach_note, created_at, learner_video_id, video_id) FROM stdin;
22	C thun tay ca Hc vin c ng tc ko vt v sau cao, dn n im tip xc bng cao v theo  vung vt km m rng hn so vi Hun luyn vin.	68	[{"aspect": "H vt (ko vt v sau)", "impact": "Gim lc tim nng v chiu cao tip xc ti u.", "learnerTechnique": "u vt gi cao, c tay cao hn khuu tay khi ko vt v sau."}, {"aspect": "im tip xc bng", "impact": "nh hng n kh nng kim sot, tnh nht qun v to xoy.", "learnerTechnique": "Tip xc bng cao hn, gn ngang eo/ngc, t xoay ngi."}, {"aspect": " di theo  vung vt", "impact": "Hn ch truyn lc v kim sot bng.", "learnerTechnique": "Theo  vung vt ngn hn, vt kt thc cao hn trn c th."}]	[{"type": "PREPARATION", "advanced": "Hun luyn vin h u vt ng k di c tay v khuu tay trong giai on ko vt v sau, to ng vung vt mnh m, hng ln.", "strengths": ["T th khi u tt."], "weaknesses": ["u vt gi qu cao khi ko vt v sau (c tay cao hn khuu tay).", "Phn thn di t tham gia hiu qu vo vic h vt."], "coachTimestamp": 0.5, "learnerTimestamp": 0.5}, {"type": "SWING_AND_CONTACT", "advanced": "Hun luyn vin tip xc bng  im thp hn, nht qun hn (ngang hng) vi s xoay hng v vai mnh m  t lc v kim sot ti a.", "strengths": ["Mt vt c v vung gc ti im tip xc."], "weaknesses": ["im tip xc bng cao hn r rt (ngang eo/ngc).", "Xoay ngi cha  trong sut c vung.", "Cnh tay vn ra qu mc so vi l tng, gim truyn lc."], "coachTimestamp": 1, "learnerTimestamp": 1.5}, {"type": "FOLLOW_THROUGH", "advanced": "Hun luyn vin th hin ng tc theo  vung vt ko di, y  qua c th, m bo truyn lc hon chnh v kim sot qu o.", "strengths": ["Vt vung qua c th."], "weaknesses": ["Theo  vung vt ngn hn v kt thc cao hn.", "t s linh hot trong chuyn ng sau khi tip xc bng."], "coachTimestamp": 2, "learnerTimestamp": 2}]	[{"name": "Bi tp nh bng khng c bng", "description": "Thc hin ng tc vung vt m khng c bng, tp trung vo vic th u vt xung di c tay v khuu tay trong giai on ko vt v sau.", "practiceSets": "3 hip x 10 ln, tp trung cm gic ri ca vt."}, {"name": "Bi tp tip xc thp vi cone", "description": "t mt ci cone hoc vt nh  v tr tip xc thp mong mun (v d: ngang hng). Luyn tp nh bng sao cho im tip xc  ngang hoc thp hn cone.", "practiceSets": "3 hip x 15 ln, u tin tip xc thp."}, {"name": "Bi tp theo  vung vt ko di", "description": "Sau khi tip xc bng, c gng ko di chuyn ng theo  ca vt xa nht c th qua c th, gi vt  v tr thp v lng tay.", "practiceSets": "3 hip x 10 ln, tp trung bin  chuyn ng v thoi mi."}]	Cn ci thin thm	2025-12-08 01:02:47.19142	12	65
23	Hc vin cn ci thin t th chun b, ng tc xoay hng  to lc v hon tt c nh vi theo  y   tng sc mnh v kim sot.	65	[{"aspect": "T th chun b", "impact": "Hn ch kh nng to lc v di chuyn linh hot.", "learnerTechnique": "Hc vin ng thng hn, t gp gi v hng so vi hun luyn vin."}, {"aspect": "Xoay thn v to lc", "impact": "Gim sc mnh v  n nh ca c nh.", "learnerTechnique": "Hc vin t xoay hng v vai, ch yu dng lc cnh tay trong pha vung vt."}, {"aspect": "Theo  kt thc (Follow-Through)", "impact": "nh hng n  su v hng ca bng.", "learnerTechnique": "Vt ca hc vin kt thc gn thn, khng vn xa v cao nh hun luyn vin."}]	[{"type": "PREPARATION", "advanced": "Hun luyn vin th hin t th chun b thp v nng ng hn, gip sn sng cho cc pha di chuyn v to lc. Hc vin c t th cao hn, lm gim tim nng bng n.", "strengths": ["Tay cm vt tt", "Mt tp trung vo bng"], "weaknesses": ["ng qu thng", "t gp gi v hng, khin c th t c ti lc"], "coachTimestamp": 0, "learnerTimestamp": 0.5}, {"type": "SWING_AND_CONTACT", "advanced": "Hun luyn vin s dng ng tc xoay hng v vai hiu qu  truyn lc vo c nh. Hc vin da nhiu vo lc cnh tay, dn n c nh thiu sc mnh v kim sot.", "strengths": ["Tip xc bng kh n nh"], "weaknesses": ["t xoay thn di", "im tip xc bng c th hi xa c th", "C tay c v gp hn so vi hun luyn vin"], "coachTimestamp": 1.5, "learnerTimestamp": 2}, {"type": "FOLLOW_THROUGH", "advanced": "Hun luyn vin hon thnh c nh vi vt vn di v cao, m bo kim sot v  su ca bng. Hc vin c theo  ngn hn, vt thng kt thc gn thn.", "strengths": ["Gi thng bng tt sau c nh"], "weaknesses": ["Theo  kt thc khng  di", "Hn ch  xoy v tc  bng", "Vt khng vn qua vai mt cch t nhin"], "coachTimestamp": 2.5, "learnerTimestamp": 4}]	[{"name": "Bi tp t th thp (Low Stance Drill)", "description": "Thc hin di chuyn v nh bng trong khi duy tr t th ngi xm thp. Tp trung vo vic gp u gi v hng.", "practiceSets": "3 sets, 10 ln mi set."}, {"name": "Bi tp xoay hng (Hip Rotation Drill)", "description": "t mt cy gy ngang qua hng v tp xoay hng trc khi vung vt. m bo vai xoay theo hng.", "practiceSets": "4 sets, 12 ln mi set."}, {"name": "Bi tp theo  di (Extended Follow-Through Drill)", "description": "Thc hin c nh vi mc tiu vn vt xa nht c th qua vai i din. Gi vt  v tr kt thc trong 2 giy.", "practiceSets": "3 sets, 15 ln mi set."}]	Can tap luyen them	2025-12-08 06:40:58.975976	13	63
\.


--
-- TOC entry 4114 (class 0 OID 18774)
-- Dependencies: 270
-- Data for Name: attendances; Type: TABLE DATA; Schema: public; Owner: postgres
--

COPY public.attendances (id, status, created_at, user_id, session_id) FROM stdin;
4	PRESENT	2025-12-06 05:45:52.034978	4	41
5	PRESENT	2025-12-08 06:37:58.375224	4	58
\.


--
-- TOC entry 4124 (class 0 OID 18858)
-- Dependencies: 280
-- Data for Name: banks; Type: TABLE DATA; Schema: public; Owner: postgres
--

COPY public.banks (id, name, bin) FROM stdin;
1	VietcomBank	970436
2	VietinBank	970415
3	Techcombank	970407
4	BIDV	970418
5	AgriBank	970405
6	Navibank	970419
7	Sacombank	970403
8	ACB	970416
9	MBBank	970422
10	TPBank	970423
11	Shinhan Bank	970424
12	VIB Bank	970441
13	VPBank	970432
14	SHB	970443
15	Eximbank	970431
16	BaoVietBank	970438
17	VietcapitalBank	970454
18	SCB	970429
19	VietNam - Russia Bank	970421
20	ABBank	970425
21	PVCombank	970412
22	MBV	970414
23	NamA bank	970428
24	HDBank	970437
25	HDBank	970420
26	VietBank	970433
27	VietCredit	970460
28	Public bank	970439
29	Hongleong Bank	970442
30	PG Bank	970430
31	Co.op Bank	970446
32	CIMB	422589
33	Indovina	970434
34	Vikki Digital Bank	970406
35	GPBank	970408
36	BacABank	970409
37	VietABank	970427
38	SaigonBank	970400
39	MSB	970426
40	LPBank	970449
41	KienLongBank	970452
42	IBK - Ha Noi	970455
43	IBK - TP.HCM	970456
44	Woori bank	970457
45	SeABank	970440
46	UOB	970458
47	OCB	970448
48	Mirae Asset	9777777
49	Keb Hana - Ho Chi Minh	970466
50	Keb Hana - Ha Noi	970467
51	Standard Chartered	970410
52	CAKE	546034
53	Ubank	546035
54	Nonghyup Bank - HN	801011
55	Kookmin - HN	970462
56	Kookmin - HCM	970463
57	DBS - HCM	796500
58	CBBank	970444
59	KBank - HCM	668888
60	HSBC	458761
61	Timo	
62	CITI	533948
63	VNPT Money	971011
64	Viettel Money	971005
65	VBSP	999888
66	PVcomBank Pay	971133
67	BNP PARIBAS HN	963668
68	BNP PARIBAS HCM	963666
69	Cathay -HCM	168999
70	BIDC	555666
71	Ti chnh Shinhan	963368
72	Bank of China (HK) - HCM	963688
73	Vikki by HDBank	963311
74	Umee	963399
75	Liobank	963369
76	MVAS	971032
\.


--
-- TOC entry 4144 (class 0 OID 19428)
-- Dependencies: 300
-- Data for Name: base_credentials; Type: TABLE DATA; Schema: public; Owner: postgres
--

COPY public.base_credentials (id, name, description, type, public_url, created_at, updated_at, deleted_at) FROM stdin;
2	Ging vin IPTPA Cp 2	Chng ch hun luyn nng cao v k thut, chin thut v pht trin vn ng vin cho trnh  trung cp n nng cao.	CERTIFICATE	https://example.com/credentials/iptpa-level-2	2025-12-05 05:43:31.18831	2025-12-05 05:43:31.18831	\N
3	V ch i nam n Khu vc 2024	ot hng nht ti gii u i nam n cp khu vc c chng nhn.	PRIZE	https://example.com/credentials/regional-mixed-2024	2025-12-05 05:43:31.18831	2025-12-05 05:43:31.18831	\N
4	Qun qun Bng xp hng n Cu lc b	Kt thc ma gii vi v tr s 1 trn bng xp hng n ca cu lc b.	ACHIEVEMENT	https://example.com/credentials/club-singles-ladder	2025-12-05 05:43:31.18831	2025-12-05 05:43:31.18831	\N
5	Xp hng DUPR 4.5	t xp hng DUPR chnh thc 4.5 thng qua cc trn u  c xc minh.	ACHIEVEMENT	https://example.com/credentials/dupr-4-5	2025-12-05 05:43:31.18831	2025-12-05 05:43:31.18831	\N
6	Hon thnh SafeSport & S cu	Hon tt cc kha v an ton vn ng vin, SafeSport v s cu c bn trong mi trng hun luyn.	CERTIFICATE	https://example.com/credentials/safesport-first-aid	2025-12-05 05:43:31.18831	2025-12-05 05:43:31.18831	\N
7	Hun luyn vin chnh Chng trnh Pht trin Thanh thiu nin	m nhim vai tr hun luyn vin chnh cho mt chng trnh pht trin pickleball dnh cho thanh thiu nin trong t nht mt ma.	ACHIEVEMENT	https://example.com/credentials/youth-program-coach	2025-12-05 05:43:31.18831	2025-12-05 05:43:31.18831	\N
8	 qun i nam Cp Bang	Vo ti trn chung kt ni dung i nam ca gii m cp bang.	PRIZE	https://example.com/credentials/state-open-finalist	2025-12-05 05:43:31.18831	2025-12-05 05:43:31.18831	\N
1	Hun luyn vin c chng nhn PPR Cp 1	Hon thnh chng ch hun luyn pickleball Cp 1 c cng nhn, tp trung cho ngi mi bt u v ngi  mc ci thin.	CERTIFICATE	https://vntaacademy.com/wp-content/uploads/2024/10/Chung-chi-quoc-te-PPR-Pickleball-Professional-Pickleball-Registry-Level-1-cua-hoc-vien-VNTA-Academy-Hoc-Vien-VNTA-Academy-scaled.jpg	2025-12-05 05:43:31.18831	2025-12-05 05:43:31.18831	\N
\.


--
-- TOC entry 4070 (class 0 OID 18344)
-- Dependencies: 226
-- Data for Name: coaches; Type: TABLE DATA; Schema: public; Owner: postgres
--

COPY public.coaches (id, bio, specialties, teaching_methods, year_of_experience, verification_status, created_at, updated_at, deleted_at, user_id) FROM stdin;
2	Hun luyn vin pickleball chuyn nghip vi nhiu nm kinh nghim	{"K thut c bn","Chin thut thi u","Pht bng","Phng th"}	{"Hc qua video","Thc hnh trc tip","Phn tch k thut"}	4	VERIFIED	2025-11-22 10:48:22.050085	2025-11-22 10:48:22.050085	\N	3
1	Hun luyn vin pickleball chuyn nghip vi nhiu nm kinh nghim	{"K thut c bn","Chin thut thi u","Pht bng","Phng th"}	{"Hc qua video","Thc hnh trc tip","Phn tch k thut"}	6	VERIFIED	2025-11-22 10:48:21.71965	2025-12-02 16:22:08.980833	\N	2
16	Hun luyn vin pickleball chuyn nghip vi nhiu nm kinh nghim	{"K thut c bn","Chin thut thi u","Pht bng","Phng th"}	{"Hc qua video","Thc hnh trc tip","Phn tch k thut"}	2	UNVERIFIED	2025-12-13 22:24:41.30516	2025-12-13 22:24:41.30516	\N	22
17	Hun luyn vin pickleball chuyn nghip vi nhiu nm kinh nghim	{"K thut c bn","Chin thut thi u","Pht bng","Phng th"}	{"Hc qua video","Thc hnh trc tip","Phn tch k thut"}	3	UNVERIFIED	2025-12-13 22:24:41.30516	2025-12-13 22:24:41.30516	\N	23
\.


--
-- TOC entry 4136 (class 0 OID 18950)
-- Dependencies: 292
-- Data for Name: configurations; Type: TABLE DATA; Schema: public; Owner: postgres
--

COPY public.configurations (id, key, value, description, data_type, created_at, updated_at, created_by, updated_by) FROM stdin;
5	course_start_before_days	1	Number of days before course start date to automatically start the course	number	2025-11-22 10:47:43.771078	2025-11-22 10:47:43.771078	\N	\N
6	complete_session_before_hours	24	Number of hours before session end time to allow marking session as complete	number	2025-11-22 10:47:43.771078	2025-11-22 10:47:43.771078	\N	\N
7	course_start_date_after_days_from_now	7	Number of days from now that a course can be scheduled to start	number	2025-11-22 10:47:43.771078	2025-11-22 10:47:43.771078	\N	\N
8	max_participants_per_course	12	Maximum number of participants allowed per course	number	2025-11-22 10:47:43.771078	2025-11-22 10:47:43.771078	\N	\N
9	change_schedule_before_hours	48	Number of hours before schedule time to allow changing the schedule	number	2025-11-22 10:47:43.771078	2025-11-22 10:47:43.771078	\N	\N
4	platform_fee_per_percentage	10	Ph nn tng theo phn trm	number	2025-11-22 10:47:43.771078	2025-12-06 07:17:46.846546	\N	1
\.


--
-- TOC entry 4112 (class 0 OID 18740)
-- Dependencies: 268
-- Data for Name: courses; Type: TABLE DATA; Schema: public; Owner: postgres
--

COPY public.courses (id, name, description, level, learning_format, status, public_url, min_participants, max_participants, price_per_participant, current_participants, total_sessions, total_earnings, start_date, end_date, progress_pct, created_at, updated_at, deleted_at, cancelling_reason, created_by, subject_id, court_id, google_meet_link) FROM stdin;
29	Pickleball Nng cao -  Kha 1	Hun luyn nng cao cc ng tc cho mn pickleball	ADVANCED	INDIVIDUAL	COMPLETED	https://file.hstatic.net/200000848145/article/anh-dai-dien-pickleball-la-gi_21c1ca7f9e214633ac03d2415dc87ffa.jpg	1	1	2000.000	1	1	1800.000	2025-12-08	2025-12-08	100	2025-12-08 00:17:33.298811	2025-12-08 06:37:58.375224	\N	\N	2	10	47	abc-xyz-def
32	Nhp mn Pickleball -  Kha 3	Khm ph th gii Pickleball t nhng bc u tin. Kha hc ny s gip bn hiu r v lut chi, k thut c bn v cch tham gia vo cng ng Pickleball si ng.	BEGINNER	INDIVIDUAL	APPROVED	\N	1	1	500000.000	0	4	0.000	2025-12-25	2026-01-15	0	2025-12-12 15:12:50.932808	2025-12-13 05:52:19.685641	\N	\N	2	2	62	asd-gjhk-asd
31	Nhp mn Pickleball -  Kha 2	Khm ph th gii Pickleball t nhng bc u tin. Kha hc ny s gip bn hiu r v lut chi, k thut c bn v cch tham gia vo cng ng Pickleball si ng.	BEGINNER	INDIVIDUAL	APPROVED	https://pz-picklaball.b-cdn.net/course_image/506098/course_image_5581_1765465047085.jpeg	1	1	2000.000	0	4	0.000	2025-12-24	2026-01-14	0	2025-12-11 14:57:27.091465	2025-12-14 02:37:11.411446	\N	\N	2	2	47	asd-dasd-asd
30	Pickleball Nng cao -  Kha 2	Hun luyn nng cao cc ng tc cho mn pickleball	ADVANCED	INDIVIDUAL	ON_GOING	https://pz-picklaball.b-cdn.net/course_image/978445/course_image_98382_1765175577637.jpeg	1	1	2000.000	1	1	1800.000	2025-12-16	2025-12-16	0	2025-12-08 06:32:59.1294	2025-12-15 00:00:00.159316	\N	\N	2	10	47	\N
18	Nhp mn Pickleball -  Kha 1	Khm ph th gii Pickleball t nhng bc u tin. Kha hc ny s gip bn hiu r v lut chi, k thut c bn v cch tham gia vo cng ng Pickleball si ng.	BEGINNER	INDIVIDUAL	ON_GOING	https://facolospickleball.com/wp-content/uploads/2025/05/lam-sao-de-choi-pickleball-gioi-2.jpg	1	1	2000.000	1	4	1800.000	2025-12-06	2026-12-22	25	2025-12-06 05:39:35.613804	2025-12-06 05:45:52.034978	\N	\N	2	2	47	abc-def-xyz
\.


--
-- TOC entry 4110 (class 0 OID 18695)
-- Dependencies: 266
-- Data for Name: courts; Type: TABLE DATA; Schema: public; Owner: postgres
--

COPY public.courts (id, name, phone_number, price_per_hour, public_url, address, province_id, district_id, latitude, longitude) FROM stdin;
1	Sn Pickleball Qun Ba nh	+84155018242	250000.000	\N	123 ng L Thng Kit, Phng 1	1	1	21.035200	105.835000
4	Sn Pickleball Qun Long Bin	+84742100327	250000.000	\N	123 ng L Thng Kit, Phng 1	1	4	21.036700	105.897600
5	Sn Pickleball Qun Cu Giy	+84739628844	250000.000	\N	123 ng L Thng Kit, Phng 1	1	5	21.033300	105.794400
6	Sn Pickleball Qun ng a	+84909844720	250000.000	\N	123 ng L Thng Kit, Phng 1	1	6	21.014400	105.825700
7	Sn Pickleball Qun Hai B Trng	+84289136655	250000.000	\N	123 ng L Thng Kit, Phng 1	1	7	21.007900	105.848100
8	Sn Pickleball Qun Hong Mai	+84169246885	250000.000	\N	123 ng L Thng Kit, Phng 1	1	8	20.981700	105.846800
9	Sn Pickleball Qun Thanh Xun	+84767001932	250000.000	\N	123 ng L Thng Kit, Phng 1	1	9	20.995200	105.806700
10	Sn Pickleball Huyn Sc Sn	+84424780422	250000.000	\N	123 ng L Thng Kit, Phng 1	1	10	21.254700	105.842300
11	Sn Pickleball Huyn ng Anh	+84990886294	250000.000	\N	123 ng L Thng Kit, Phng 1	1	11	21.137200	105.846300
12	Sn Pickleball Huyn Gia Lm	+84227531262	250000.000	\N	123 ng L Thng Kit, Phng 1	1	12	20.985500	105.973300
13	Sn Pickleball Qun Nam T Lim	+84296163670	250000.000	\N	123 ng L Thng Kit, Phng 1	1	13	21.012500	105.744700
14	Sn Pickleball Huyn Thanh Tr	+84387810389	250000.000	\N	123 ng L Thng Kit, Phng 1	1	14	20.946700	105.803800
15	Sn Pickleball Qun Bc T Lim	+84443739787	250000.000	\N	123 ng L Thng Kit, Phng 1	1	15	21.077400	105.734300
16	Sn Pickleball Huyn M Linh	+84684454802	250000.000	\N	123 ng L Thng Kit, Phng 1	1	16	21.174500	105.693100
17	Sn Pickleball Qun H ng	+84746213185	250000.000	\N	123 ng L Thng Kit, Phng 1	1	17	20.971600	105.779500
18	Sn Pickleball Th x Sn Ty	+84594587821	250000.000	\N	123 ng L Thng Kit, Phng 1	1	18	21.139200	105.507500
19	Sn Pickleball Huyn Ba V	+84748030979	250000.000	\N	123 ng L Thng Kit, Phng 1	1	19	21.339500	105.374800
20	Sn Pickleball Huyn Phc Th	+84615934024	250000.000	\N	123 ng L Thng Kit, Phng 1	1	20	21.138300	105.689200
21	Sn Pickleball Huyn an Phng	+84770291175	250000.000	\N	123 ng L Thng Kit, Phng 1	1	21	21.138300	105.600000
22	Sn Pickleball Huyn Hoi c	+84663471984	250000.000	\N	123 ng L Thng Kit, Phng 1	1	22	21.033300	105.650000
23	Sn Pickleball Huyn Quc Oai	+84629183909	250000.000	\N	123 ng L Thng Kit, Phng 1	1	23	21.066700	105.550000
24	Sn Pickleball Huyn Thch Tht	+84531704469	250000.000	\N	123 ng L Thng Kit, Phng 1	1	24	21.116700	105.516700
25	Sn Pickleball Huyn Chng M	+84897618800	250000.000	\N	123 ng L Thng Kit, Phng 1	1	25	20.866700	105.583300
26	Sn Pickleball Huyn Thanh Oai	+84756355228	250000.000	\N	123 ng L Thng Kit, Phng 1	1	26	20.850000	105.766700
27	Sn Pickleball Huyn Thng Tn	+84443794846	250000.000	\N	123 ng L Thng Kit, Phng 1	1	27	20.783300	105.866700
28	Sn Pickleball Huyn Ph Xuyn	+84318750870	250000.000	\N	123 ng L Thng Kit, Phng 1	1	28	20.683300	105.916700
29	Sn Pickleball Huyn ng Ha	+84616087463	250000.000	\N	123 ng L Thng Kit, Phng 1	1	29	20.650000	105.750000
30	Sn Pickleball Huyn M c	+84839966695	250000.000	\N	123 ng L Thng Kit, Phng 1	1	30	20.583300	105.733300
31	Sn Pickleball Thnh ph Nha Trang	+84926580179	250000.000	\N	123 ng L Thng Kit, Phng 1	37	404	12.238800	109.196700
32	Sn Pickleball Thnh ph Cam Ranh	+84253164656	250000.000	\N	123 ng L Thng Kit, Phng 1	37	405	11.921600	109.159400
33	Sn Pickleball Huyn Cam Lm	+84968281935	250000.000	\N	123 ng L Thng Kit, Phng 1	37	406	12.033100	109.150000
34	Sn Pickleball Huyn Vn Ninh	+84508554899	250000.000	\N	123 ng L Thng Kit, Phng 1	37	407	12.700000	109.383300
35	Sn Pickleball Th x Ninh Ha	+84661040461	250000.000	\N	123 ng L Thng Kit, Phng 1	37	408	12.483300	109.116700
36	Sn Pickleball Huyn Khnh Vnh	+84158249531	250000.000	\N	123 ng L Thng Kit, Phng 1	37	409	12.266700	108.850000
37	Sn Pickleball Huyn Din Khnh	+84911490901	250000.000	\N	123 ng L Thng Kit, Phng 1	37	410	12.183300	109.083300
38	Sn Pickleball Huyn Khnh Sn	+84788716517	250000.000	\N	123 ng L Thng Kit, Phng 1	37	411	12.100000	108.933300
39	Sn Pickleball Huyn Trng Sa	+84930250419	250000.000	\N	123 ng L Thng Kit, Phng 1	37	412	8.650000	111.916700
40	Sn Pickleball Qun 1	+84670767163	250000.000	\N	123 ng L Thng Kit, Phng 1	50	536	10.776900	106.700900
41	Sn Pickleball Qun 12	+84149726036	250000.000	\N	123 ng L Thng Kit, Phng 1	50	537	10.852500	106.676800
42	Sn Pickleball Qun G Vp	+84721924030	250000.000	\N	123 ng L Thng Kit, Phng 1	50	538	10.837500	106.666000
43	Sn Pickleball Qun Bnh Thnh	+84579377829	250000.000	\N	123 ng L Thng Kit, Phng 1	50	539	10.801700	106.710100
44	Sn Pickleball Qun Tn Bnh	+84588862816	250000.000	\N	123 ng L Thng Kit, Phng 1	50	540	10.799100	106.654400
45	Sn Pickleball Qun Tn Ph	+84213335362	250000.000	\N	123 ng L Thng Kit, Phng 1	50	541	10.786700	106.628600
2	Sn Pickleball Qun Hon Kim	+84599997059	250000.000	\N	123 ng L Thng Kit, Phng 1	1	2	21.028500	105.854200
3	Sn Pickleball Qun Ty H	+84929742584	250000.000	\N	123 ng L Thng Kit, Phng 1	1	3	21.053800	105.819200
46	Sn Pickleball Qun Ph Nhun	+84393585261	250000.000	\N	123 ng L Thng Kit, Phng 1	50	542	10.797200	106.683100
47	Sn Pickleball Thnh ph Th c	+84631135523	250000.000	\N	S 46 ng 447, phng Tng Nhn Ph A	50	543	10.854200	106.767200
48	Sn Pickleball Qun 3	+84954870569	250000.000	\N	123 ng L Thng Kit, Phng 1	50	544	10.786700	106.683100
49	Sn Pickleball Qun 10	+84565051256	250000.000	\N	123 ng L Thng Kit, Phng 1	50	545	10.772800	106.668300
50	Sn Pickleball Qun 11	+84642949799	250000.000	\N	123 ng L Thng Kit, Phng 1	50	546	10.762600	106.650600
51	Sn Pickleball Qun 4	+84944490282	250000.000	\N	123 ng L Thng Kit, Phng 1	50	547	10.762200	106.705400
52	Sn Pickleball Qun 5	+84135919754	250000.000	\N	123 ng L Thng Kit, Phng 1	50	548	10.754200	106.681300
53	Sn Pickleball Qun 6	+84120986247	250000.000	\N	123 ng L Thng Kit, Phng 1	50	549	10.748700	106.634500
54	Sn Pickleball Qun 8	+84965485868	250000.000	\N	123 ng L Thng Kit, Phng 1	50	550	10.737800	106.629200
55	Sn Pickleball Qun Bnh Tn	+84305597199	250000.000	\N	123 ng L Thng Kit, Phng 1	50	551	10.741300	106.605500
56	Sn Pickleball Qun 7	+84881817372	250000.000	\N	123 ng L Thng Kit, Phng 1	50	552	10.732900	106.717200
57	Sn Pickleball Huyn C Chi	+84969169732	250000.000	\N	123 ng L Thng Kit, Phng 1	50	553	11.019400	106.493100
58	Sn Pickleball Huyn Hc Mn	+84808342741	250000.000	\N	123 ng L Thng Kit, Phng 1	50	554	10.883300	106.583300
59	Sn Pickleball Huyn Bnh Chnh	+84668983287	250000.000	\N	123 ng L Thng Kit, Phng 1	50	555	10.566700	106.533300
60	Sn Pickleball Huyn Nh B	+84988070075	250000.000	\N	123 ng L Thng Kit, Phng 1	50	556	10.650000	106.750000
61	Sn Pickleball Huyn Cn Gi	+84449095473	250000.000	\N	123 ng L Thng Kit, Phng 1	50	557	10.416700	106.950000
62	Sn Pickleball Qun 12 - Chi nhnh 2	+84123456789	250000.000	\N	456 ng T K, Phng Trung M Ty	50	537	10.856000	106.682000
\.


--
-- TOC entry 4068 (class 0 OID 18324)
-- Dependencies: 224
-- Data for Name: credentials; Type: TABLE DATA; Schema: public; Owner: postgres
--

COPY public.credentials (id, issued_at, expires_at, created_at, updated_at, deleted_at, coach_id, base_credential_id, public_url) FROM stdin;
3	2018-05-12	2027-02-12	2025-12-05 03:29:17.917604	2025-12-05 03:29:17.917604	\N	1	1	\N
7	2018-05-12	2027-02-12	2025-12-13 22:25:57.145387	2025-12-13 22:25:57.145387	\N	16	1	\N
8	2018-05-12	2027-02-12	2025-12-13 22:25:57.145387	2025-12-13 22:25:57.145387	\N	17	1	\N
\.


--
-- TOC entry 4106 (class 0 OID 18680)
-- Dependencies: 262
-- Data for Name: districts; Type: TABLE DATA; Schema: public; Owner: postgres
--

COPY public.districts (id, name, province_id) FROM stdin;
1	Qun Ba nh	1
2	Qun Hon Kim	1
3	Qun Ty H	1
4	Qun Long Bin	1
5	Qun Cu Giy	1
6	Qun ng a	1
7	Qun Hai B Trng	1
8	Qun Hong Mai	1
9	Qun Thanh Xun	1
10	Huyn Sc Sn	1
11	Huyn ng Anh	1
12	Huyn Gia Lm	1
13	Qun Nam T Lim	1
14	Huyn Thanh Tr	1
15	Qun Bc T Lim	1
16	Huyn M Linh	1
17	Qun H ng	1
18	Th x Sn Ty	1
19	Huyn Ba V	1
20	Huyn Phc Th	1
21	Huyn an Phng	1
22	Huyn Hoi c	1
23	Huyn Quc Oai	1
24	Huyn Thch Tht	1
25	Huyn Chng M	1
26	Huyn Thanh Oai	1
27	Huyn Thng Tn	1
28	Huyn Ph Xuyn	1
29	Huyn ng Ha	1
30	Huyn M c	1
31	Thnh ph H Giang	2
32	Huyn ng Vn	2
33	Huyn Mo Vc	2
34	Huyn Yn Minh	2
35	Huyn Qun B	2
36	Huyn V Xuyn	2
37	Huyn Bc M	2
38	Huyn Hong Su Ph	2
39	Huyn Xn Mn	2
40	Huyn Bc Quang	2
41	Huyn Quang Bnh	2
42	Thnh ph Cao Bng	3
43	Huyn Bo Lm	3
44	Huyn Bo Lc	3
45	Huyn H Qung	3
46	Huyn Trng Khnh	3
47	Huyn H Lang	3
48	Huyn Qung Ha	3
49	Huyn Ho An	3
50	Huyn Nguyn Bnh	3
51	Huyn Thch An	3
52	Thnh Ph Bc Kn	4
53	Huyn Pc Nm	4
54	Huyn Ba B	4
55	Huyn Ngn Sn	4
56	Huyn Bch Thng	4
57	Huyn Ch n	4
58	Huyn Ch Mi	4
59	Huyn Na R	4
60	Thnh ph Tuyn Quang	5
61	Huyn Lm Bnh	5
62	Huyn Na Hang	5
63	Huyn Chim Ha	5
64	Huyn Hm Yn	5
65	Huyn Yn Sn	5
66	Huyn Sn Dng	5
67	Thnh ph Lo Cai	6
68	Huyn Bt Xt	6
69	Huyn Mng Khng	6
70	Huyn Si Ma Cai	6
71	Huyn Bc H	6
72	Huyn Bo Thng	6
73	Huyn Bo Yn	6
74	Th x Sa Pa	6
75	Huyn Vn Bn	6
76	Thnh ph in Bin Ph	7
77	Th x Mng Lay	7
78	Huyn Mng Nh	7
79	Huyn Mng Ch	7
80	Huyn Ta Cha	7
81	Huyn Tun Gio	7
82	Huyn in Bin	7
83	Huyn in Bin ng	7
84	Huyn Mng ng	7
85	Huyn Nm P	7
86	Thnh ph Lai Chu	8
87	Huyn Tam ng	8
88	Huyn Mng T	8
89	Huyn Sn H	8
90	Huyn Phong Th	8
91	Huyn Than Uyn	8
92	Huyn Tn Uyn	8
93	Huyn Nm Nhn	8
94	Thnh ph Sn La	9
95	Huyn Qunh Nhai	9
96	Huyn Thun Chu	9
97	Huyn Mng La	9
98	Huyn Bc Yn	9
99	Huyn Ph Yn	9
100	Huyn Mc Chu	9
101	Huyn Yn Chu	9
102	Huyn Mai Sn	9
103	Huyn Sng M	9
104	Huyn Sp Cp	9
105	Huyn Vn H	9
106	Thnh ph Yn Bi	10
107	Th x Ngha L	10
108	Huyn Lc Yn	10
109	Huyn Vn Yn	10
110	Huyn M Cng Chi	10
111	Huyn Trn Yn	10
112	Huyn Trm Tu	10
113	Huyn Vn Chn	10
114	Huyn Yn Bnh	10
115	Thnh ph Ha Bnh	11
116	Huyn  Bc	11
117	Huyn Lng Sn	11
118	Huyn Kim Bi	11
119	Huyn Cao Phong	11
120	Huyn Tn Lc	11
121	Huyn Mai Chu	11
122	Huyn Lc Sn	11
123	Huyn Yn Thy	11
124	Huyn Lc Thy	11
125	Thnh ph Thi Nguyn	12
126	Thnh ph Sng Cng	12
127	Huyn nh Ha	12
128	Huyn Ph Lng	12
129	Huyn ng H	12
130	Huyn V Nhai	12
131	Huyn i T	12
132	Thnh ph Ph Yn	12
133	Huyn Ph Bnh	12
134	Thnh ph Lng Sn	13
135	Huyn Trng nh	13
136	Huyn Bnh Gia	13
137	Huyn Vn Lng	13
138	Huyn Cao Lc	13
139	Huyn Vn Quan	13
140	Huyn Bc Sn	13
141	Huyn Hu Lng	13
142	Huyn Chi Lng	13
143	Huyn Lc Bnh	13
144	Huyn nh Lp	13
145	Thnh ph H Long	14
146	Thnh ph Mng Ci	14
147	Thnh ph Cm Ph	14
148	Thnh ph Ung B	14
149	Huyn Bnh Liu	14
150	Huyn Tin Yn	14
151	Huyn m H	14
152	Huyn Hi H	14
153	Huyn Ba Ch	14
154	Huyn Vn n	14
155	Thnh ph ng Triu	14
156	Th x Qung Yn	14
157	Huyn C T	14
158	Thnh ph Bc Giang	15
159	Huyn Yn Th	15
160	Huyn Tn Yn	15
161	Huyn Lng Giang	15
162	Huyn Lc Nam	15
163	Huyn Lc Ngn	15
164	Huyn Sn ng	15
165	Th x Vit Yn	15
166	Huyn Hip Ha	15
167	Th x Ch	15
168	Thnh ph Vit Tr	16
169	Th x Ph Th	16
170	Huyn oan Hng	16
171	Huyn H Ho	16
172	Huyn Thanh Ba	16
173	Huyn Ph Ninh	16
174	Huyn Yn Lp	16
175	Huyn Cm Kh	16
176	Huyn Tam Nng	16
177	Huyn Lm Thao	16
178	Huyn Thanh Sn	16
179	Huyn Thanh Thu	16
180	Huyn Tn Sn	16
181	Thnh ph Vnh Yn	17
182	Thnh ph Phc Yn	17
183	Huyn Lp Thch	17
184	Huyn Tam Dng	17
185	Huyn Tam o	17
186	Huyn Bnh Xuyn	17
187	Huyn Yn Lc	17
188	Huyn Vnh Tng	17
189	Huyn Sng L	17
190	Thnh ph Bc Ninh	18
191	Huyn Yn Phong	18
192	Th x Qu V	18
193	Huyn Tin Du	18
194	Thnh ph T Sn	18
195	Th x Thun Thnh	18
196	Huyn Gia Bnh	18
197	Huyn Lng Ti	18
198	Thnh ph Hi Dng	19
199	Thnh ph Ch Linh	19
200	Huyn Nam Sch	19
201	Th x Kinh Mn	19
202	Huyn Kim Thnh	19
203	Huyn Thanh H	19
204	Huyn Cm Ging	19
205	Huyn Bnh Giang	19
206	Huyn Gia Lc	19
207	Huyn T K	19
208	Huyn Ninh Giang	19
209	Huyn Thanh Min	19
210	Qun Hng Bng	20
211	Qun Ng Quyn	20
212	Qun L Chn	20
213	Qun Hi An	20
214	Qun Kin An	20
215	Qun  Sn	20
216	Qun Dng Kinh	20
217	Thnh ph Thu Nguyn	20
218	Qun An Dng	20
219	Huyn An Lo	20
220	Huyn Kin Thu	20
221	Huyn Tin Lng	20
222	Huyn Vnh Bo	20
223	Huyn Ct Hi	20
224	Thnh ph Hng Yn	21
225	Huyn Vn Lm	21
226	Huyn Vn Giang	21
227	Huyn Yn M	21
228	Th x M Ho	21
229	Huyn n Thi	21
230	Huyn Khoi Chu	21
231	Huyn Kim ng	21
232	Huyn Tin L	21
233	Huyn Ph C	21
234	Thnh ph Thi Bnh	22
235	Huyn Qunh Ph	22
236	Huyn Hng H	22
237	Huyn ng Hng	22
238	Huyn Thi Thy	22
239	Huyn Tin Hi	22
240	Huyn Kin Xng	22
241	Huyn V Th	22
242	Thnh ph Ph L	23
243	Th x Duy Tin	23
244	Th x Kim Bng	23
245	Huyn Thanh Lim	23
246	Huyn Bnh Lc	23
247	Huyn L Nhn	23
248	Thnh ph Nam nh	24
249	Huyn V Bn	24
250	Huyn  Yn	24
251	Huyn Ngha Hng	24
252	Huyn Nam Trc	24
253	Huyn Trc Ninh	24
254	Huyn Xun Trng	24
255	Huyn Giao Thy	24
256	Huyn Hi Hu	24
257	Thnh ph Tam ip	25
258	Huyn Nho Quan	25
259	Huyn Gia Vin	25
260	Thnh ph Hoa L	25
261	Huyn Yn Khnh	25
262	Huyn Kim Sn	25
263	Huyn Yn M	25
264	Thnh ph Thanh Ha	26
265	Th x Bm Sn	26
266	Thnh ph Sm Sn	26
267	Huyn Mng Lt	26
268	Huyn Quan Ha	26
269	Huyn B Thc	26
270	Huyn Quan Sn	26
271	Huyn Lang Chnh	26
272	Huyn Ngc Lc	26
273	Huyn Cm Thy	26
274	Huyn Thch Thnh	26
275	Huyn H Trung	26
276	Huyn Vnh Lc	26
277	Huyn Yn nh	26
278	Huyn Th Xun	26
279	Huyn Thng Xun	26
280	Huyn Triu Sn	26
281	Huyn Thiu Ha	26
282	Huyn Hong Ha	26
283	Huyn Hu Lc	26
284	Huyn Nga Sn	26
285	Huyn Nh Xun	26
286	Huyn Nh Thanh	26
287	Huyn Nng Cng	26
288	Huyn Qung Xng	26
289	Th x Nghi Sn	26
290	Thnh ph Vinh	27
291	Th x Thi Ho	27
292	Huyn Qu Phong	27
293	Huyn Qu Chu	27
294	Huyn K Sn	27
295	Huyn Tng Dng	27
296	Huyn Ngha n	27
297	Huyn Qu Hp	27
298	Huyn Qunh Lu	27
299	Huyn Con Cung	27
300	Huyn Tn K	27
301	Huyn Anh Sn	27
302	Huyn Din Chu	27
303	Huyn Yn Thnh	27
304	Huyn  Lng	27
305	Huyn Thanh Chng	27
306	Huyn Nghi Lc	27
307	Huyn Nam n	27
308	Huyn Hng Nguyn	27
309	Th x Hong Mai	27
310	Thnh ph H Tnh	28
311	Th x Hng Lnh	28
312	Huyn Hng Sn	28
313	Huyn c Th	28
314	Huyn V Quang	28
315	Huyn Nghi Xun	28
316	Huyn Can Lc	28
317	Huyn Hng Kh	28
318	Huyn Thch H	28
319	Huyn Cm Xuyn	28
320	Huyn K Anh	28
321	Th x K Anh	28
322	Thnh Ph ng Hi	29
323	Huyn Minh Ha	29
324	Huyn Tuyn Ha	29
325	Huyn Qung Trch	29
326	Huyn B Trch	29
327	Huyn Qung Ninh	29
328	Huyn L Thy	29
329	Th x Ba n	29
330	Thnh ph ng H	30
331	Th x Qung Tr	30
332	Huyn Vnh Linh	30
333	Huyn Hng Ha	30
334	Huyn Gio Linh	30
335	Huyn a Krng	30
336	Huyn Cam L	30
337	Huyn Triu Phong	30
338	Huyn Hi Lng	30
339	Qun Thun Ha	31
340	Qun Ph Xun	31
341	Th x Phong in	31
342	Huyn Qung in	31
343	Huyn Ph Vang	31
344	Th x Hng Thy	31
345	Th x Hng Tr	31
346	Huyn A Li	31
347	Huyn Ph Lc	31
348	Qun Lin Chiu	32
349	Qun Thanh Kh	32
350	Qun Hi Chu	32
351	Qun Sn Tr	32
352	Qun Ng Hnh Sn	32
353	Qun Cm L	32
354	Huyn Ha Vang	32
355	Thnh ph Tam K	33
356	Thnh ph Hi An	33
357	Huyn Ty Giang	33
358	Huyn ng Giang	33
359	Huyn i Lc	33
360	Th x in Bn	33
361	Huyn Duy Xuyn	33
362	Huyn Qu Sn	33
363	Huyn Nam Giang	33
364	Huyn Phc Sn	33
365	Huyn Hip c	33
366	Huyn Thng Bnh	33
367	Huyn Tin Phc	33
368	Huyn Bc Tr My	33
369	Huyn Nam Tr My	33
370	Huyn Ni Thnh	33
371	Huyn Ph Ninh	33
372	Thnh ph Qung Ngi	34
373	Huyn Bnh Sn	34
374	Huyn Tr Bng	34
375	Huyn Sn Tnh	34
376	Huyn T Ngha	34
377	Huyn Sn H	34
378	Huyn Sn Ty	34
379	Huyn Minh Long	34
380	Huyn Ngha Hnh	34
381	Huyn M c	34
382	Th x c Ph	34
383	Huyn Ba T	34
384	Thnh ph Quy Nhn	35
385	Huyn An Lo	35
386	Th x Hoi Nhn	35
387	Huyn Hoi n	35
388	Huyn Ph M	35
389	Huyn Vnh Thnh	35
390	Huyn Ty Sn	35
391	Huyn Ph Ct	35
392	Th x An Nhn	35
393	Huyn Tuy Phc	35
394	Huyn Vn Canh	35
395	Thnh ph Tuy Ho	36
396	Th x Sng Cu	36
397	Huyn ng Xun	36
398	Huyn Tuy An	36
399	Huyn Sn Ha	36
400	Huyn Sng Hinh	36
401	Huyn Ty Ho	36
402	Huyn Ph Ho	36
403	Th x ng Ha	36
404	Thnh ph Nha Trang	37
405	Thnh ph Cam Ranh	37
406	Huyn Cam Lm	37
407	Huyn Vn Ninh	37
408	Th x Ninh Ha	37
409	Huyn Khnh Vnh	37
410	Huyn Din Khnh	37
411	Huyn Khnh Sn	37
412	Huyn Trng Sa	37
413	Thnh ph Phan Rang-Thp Chm	38
414	Huyn Bc i	38
415	Huyn Ninh Sn	38
416	Huyn Ninh Hi	38
417	Huyn Ninh Phc	38
418	Huyn Thun Bc	38
419	Huyn Thun Nam	38
420	Thnh ph Phan Thit	39
421	Th x La Gi	39
422	Huyn Tuy Phong	39
423	Huyn Bc Bnh	39
424	Huyn Hm Thun Bc	39
425	Huyn Hm Thun Nam	39
426	Huyn Tnh Linh	39
427	Huyn c Linh	39
428	Huyn Hm Tn	39
429	Huyn Ph Qu	39
430	Thnh ph Kon Tum	40
431	Huyn k Glei	40
432	Huyn Ngc Hi	40
433	Huyn k T	40
434	Huyn Kon Plng	40
435	Huyn Kon Ry	40
436	Huyn k H	40
437	Huyn Sa Thy	40
438	Huyn Tu M Rng	40
439	Huyn Ia H' Drai	40
440	Thnh ph Pleiku	41
441	Th x An Kh	41
442	Th x Ayun Pa	41
443	Huyn KBang	41
444	Huyn k oa	41
445	Huyn Ch Ph	41
446	Huyn Ia Grai	41
447	Huyn Mang Yang	41
448	Huyn Kng Chro	41
449	Huyn c C	41
450	Huyn Ch Prng	41
451	Huyn Ch S	41
452	Huyn k P	41
453	Huyn Ia Pa	41
454	Huyn Krng Pa	41
455	Huyn Ph Thin	41
456	Huyn Ch Ph	41
457	Thnh ph Bun Ma Thut	42
458	Th x Bun H	42
459	Huyn Ea H'leo	42
460	Huyn Ea Sp	42
461	Huyn Bun n	42
462	Huyn C M'gar	42
463	Huyn Krng Bk	42
464	Huyn Krng Nng	42
465	Huyn Ea Kar	42
466	Huyn M'rk	42
467	Huyn Krng Bng	42
468	Huyn Krng Pc	42
469	Huyn Krng A Na	42
470	Huyn Lk	42
471	Huyn C Kuin	42
472	Thnh ph Gia Ngha	43
473	Huyn k Glong	43
474	Huyn C Jt	43
475	Huyn k Mil	43
476	Huyn Krng N	43
477	Huyn k Song	43
478	Huyn k R'Lp	43
479	Huyn Tuy c	43
480	Thnh ph  Lt	44
481	Thnh ph Bo Lc	44
482	Huyn am Rng	44
483	Huyn Lc Dng	44
484	Huyn Lm H	44
485	Huyn n Dng	44
486	Huyn c Trng	44
487	Huyn Di Linh	44
488	Huyn Bo Lm	44
489	Huyn  Huoai	44
490	Th x Phc Long	45
491	Thnh ph ng Xoi	45
492	Th x Bnh Long	45
493	Huyn B Gia Mp	45
494	Huyn Lc Ninh	45
495	Huyn B p	45
496	Huyn Hn Qun	45
497	Huyn ng Ph	45
498	Huyn B ng	45
499	Th x Chn Thnh	45
500	Huyn Ph Ring	45
501	Thnh ph Ty Ninh	46
502	Huyn Tn Bin	46
503	Huyn Tn Chu	46
504	Huyn Dng Minh Chu	46
505	Huyn Chu Thnh	46
506	Th x Ha Thnh	46
507	Huyn G Du	46
508	Huyn Bn Cu	46
509	Th x Trng Bng	46
510	Thnh ph Th Du Mt	47
511	Huyn Bu Bng	47
512	Huyn Du Ting	47
513	Thnh ph Bn Ct	47
514	Huyn Ph Gio	47
515	Thnh ph Tn Uyn	47
516	Thnh ph D An	47
517	Thnh ph Thun An	47
518	Huyn Bc Tn Uyn	47
519	Thnh ph Bin Ha	48
520	Thnh ph Long Khnh	48
521	Huyn Tn Ph	48
522	Huyn Vnh Cu	48
523	Huyn nh Qun	48
524	Huyn Trng Bom	48
525	Huyn Thng Nht	48
526	Huyn Cm M	48
527	Huyn Long Thnh	48
528	Huyn Xun Lc	48
529	Huyn Nhn Trch	48
530	Thnh ph Vng Tu	49
531	Thnh ph B Ra	49
532	Huyn Chu c	49
533	Huyn Xuyn Mc	49
534	Huyn Long t	49
535	Th x Ph M	49
536	Qun 1	50
537	Qun 12	50
538	Qun G Vp	50
539	Qun Bnh Thnh	50
540	Qun Tn Bnh	50
541	Qun Tn Ph	50
542	Qun Ph Nhun	50
543	Thnh ph Th c	50
544	Qun 3	50
545	Qun 10	50
546	Qun 11	50
547	Qun 4	50
548	Qun 5	50
549	Qun 6	50
550	Qun 8	50
551	Qun Bnh Tn	50
552	Qun 7	50
553	Huyn C Chi	50
554	Huyn Hc Mn	50
555	Huyn Bnh Chnh	50
556	Huyn Nh B	50
557	Huyn Cn Gi	50
558	Thnh ph Tn An	51
559	Th x Kin Tng	51
560	Huyn Tn Hng	51
561	Huyn Vnh Hng	51
562	Huyn Mc Ha	51
563	Huyn Tn Thnh	51
564	Huyn Thnh Ha	51
565	Huyn c Hu	51
566	Huyn c Ha	51
567	Huyn Bn Lc	51
568	Huyn Th Tha	51
569	Huyn Tn Tr	51
570	Huyn Cn c	51
571	Huyn Cn Giuc	51
572	Huyn Chu Thnh	51
573	Thnh ph M Tho	52
574	Thnh ph G Cng	52
575	Th x Cai Ly	52
576	Huyn Tn Phc	52
577	Huyn Ci B	52
578	Huyn Cai Ly	52
579	Huyn Chu Thnh	52
580	Huyn Ch Go	52
581	Huyn G Cng Ty	52
582	Huyn G Cng ng	52
583	Huyn Tn Ph ng	52
584	Thnh ph Bn Tre	53
585	Huyn Chu Thnh	53
586	Huyn Ch Lch	53
587	Huyn M Cy Nam	53
588	Huyn Ging Trm	53
589	Huyn Bnh i	53
590	Huyn Ba Tri	53
591	Huyn Thnh Ph	53
592	Huyn M Cy Bc	53
593	Thnh ph Tr Vinh	54
594	Huyn Cng Long	54
595	Huyn Cu K	54
596	Huyn Tiu Cn	54
597	Huyn Chu Thnh	54
598	Huyn Cu Ngang	54
599	Huyn Tr C	54
600	Huyn Duyn Hi	54
601	Th x Duyn Hi	54
602	Thnh ph Vnh Long	55
603	Huyn Long H	55
604	Huyn Mang Tht	55
605	Huyn Vng Lim	55
606	Huyn Tam Bnh	55
607	Th x Bnh Minh	55
608	Huyn Tr n	55
609	Huyn Bnh Tn	55
610	Thnh ph Cao Lnh	56
611	Thnh ph Sa c	56
612	Thnh ph Hng Ng	56
613	Huyn Tn Hng	56
614	Huyn Hng Ng	56
615	Huyn Tam Nng	56
616	Huyn Thp Mi	56
617	Huyn Cao Lnh	56
618	Huyn Thanh Bnh	56
619	Huyn Lp V	56
620	Huyn Lai Vung	56
621	Huyn Chu Thnh	56
622	Thnh ph Long Xuyn	57
623	Thnh ph Chu c	57
624	Huyn An Ph	57
625	Th x Tn Chu	57
626	Huyn Ph Tn	57
627	Huyn Chu Ph	57
628	Th x Tnh Bin	57
629	Huyn Tri Tn	57
630	Huyn Chu Thnh	57
631	Huyn Ch Mi	57
632	Huyn Thoi Sn	57
633	Thnh ph Rch Gi	58
634	Thnh ph H Tin	58
635	Huyn Kin Lng	58
636	Huyn Hn t	58
637	Huyn Tn Hip	58
638	Huyn Chu Thnh	58
639	Huyn Ging Ring	58
640	Huyn G Quao	58
641	Huyn An Bin	58
642	Huyn An Minh	58
643	Huyn Vnh Thun	58
644	Thnh ph Ph Quc	58
645	Huyn Kin Hi	58
646	Huyn U Minh Thng	58
647	Huyn Giang Thnh	58
648	Qun Ninh Kiu	59
649	Qun  Mn	59
650	Qun Bnh Thu	59
651	Qun Ci Rng	59
652	Qun Tht Nt	59
653	Huyn Vnh Thnh	59
654	Huyn C 	59
655	Huyn Phong in	59
656	Huyn Thi Lai	59
657	Thnh ph V Thanh	60
658	Thnh ph Ng By	60
659	Huyn Chu Thnh A	60
660	Huyn Chu Thnh	60
661	Huyn Phng Hip	60
662	Huyn V Thu	60
663	Huyn Long M	60
664	Th x Long M	60
665	Thnh ph Sc Trng	61
666	Huyn Chu Thnh	61
667	Huyn K Sch	61
668	Huyn M T	61
669	Huyn C Lao Dung	61
670	Huyn Long Ph	61
671	Huyn M Xuyn	61
672	Th x Ng Nm	61
673	Huyn Thnh Tr	61
674	Th x Vnh Chu	61
675	Huyn Trn 	61
676	Thnh ph Bc Liu	62
677	Huyn Hng Dn	62
678	Huyn Phc Long	62
679	Huyn Vnh Li	62
680	Th x Gi Rai	62
681	Huyn ng Hi	62
682	Huyn Ho Bnh	62
683	Thnh ph C Mau	63
684	Huyn U Minh	63
685	Huyn Thi Bnh	63
686	Huyn Trn Vn Thi	63
687	Huyn Ci Nc	63
688	Huyn m Di	63
689	Huyn Nm Cn	63
690	Huyn Ph Tn	63
691	Huyn Ngc Hin	63
\.


--
-- TOC entry 4080 (class 0 OID 18486)
-- Dependencies: 236
-- Data for Name: enrollments; Type: TABLE DATA; Schema: public; Owner: postgres
--

COPY public.enrollments (id, "paymentAmount", status, enrolled_at, updated_at, course_id, user_id) FROM stdin;
34	2000.000	LEARNING	2025-12-06 05:40:48.788928	2025-12-06 05:43:00.054187	18	4
37	2000.000	DONE	2025-12-08 00:21:18.209142	2025-12-08 06:37:58.375224	29	4
39	\N	UNPAID	2025-12-13 05:52:45.439469	2025-12-13 05:52:45.439469	32	4
40	\N	UNPAID	2025-12-14 04:02:24.236897	2025-12-14 04:02:24.236897	31	4
38	2000.000	LEARNING	2025-12-08 06:35:28.880693	2025-12-15 00:00:00.159316	30	4
\.


--
-- TOC entry 4062 (class 0 OID 18273)
-- Dependencies: 218
-- Data for Name: errors; Type: TABLE DATA; Schema: public; Owner: postgres
--

COPY public.errors (id, code, message, stack, url, body, created_at, resolved_at, "isResolved", user_id) FROM stdin;
\.


--
-- TOC entry 4082 (class 0 OID 18496)
-- Dependencies: 238
-- Data for Name: feedbacks; Type: TABLE DATA; Schema: public; Owner: postgres
--

COPY public.feedbacks (id, comment, rating, "isAnonymous", created_at, created_by, received_by, course_id) FROM stdin;
5	Kh n	4	f	2025-12-14 00:45:21.405005	4	2	29
\.


--
-- TOC entry 4130 (class 0 OID 18903)
-- Dependencies: 286
-- Data for Name: learner_achievements; Type: TABLE DATA; Schema: public; Owner: postgres
--

COPY public.learner_achievements (id, earned_at, achievement_id, user_id) FROM stdin;
1	2025-11-27 10:47:58.915	8	2
2	2025-12-01 06:26:55.839	8	4
3	2025-12-01 03:41:39.511	9	2
4	2025-12-01 04:57:23.443	8	6
5	2025-12-01 11:41:01.81	17	6
6	2025-12-03 01:18:35.154	8	1
7	2025-12-05 14:19:19.952	9	4
8	2025-12-12 15:24:27.372	9	1
\.


--
-- TOC entry 4094 (class 0 OID 18593)
-- Dependencies: 250
-- Data for Name: learner_answers; Type: TABLE DATA; Schema: public; Owner: postgres
--

COPY public.learner_answers (id, is_correct, created_at, question_id, quiz_attempt_id, question_option_id) FROM stdin;
13	f	2025-12-08 01:00:12.385438	137	5	525
14	f	2025-12-08 01:00:12.385438	136	5	518
15	f	2025-12-08 01:00:12.385438	135	5	514
16	t	2025-12-08 01:00:12.385438	134	5	512
17	f	2025-12-08 01:00:12.385438	133	5	509
18	t	2025-12-08 06:38:53.995924	186	6	712
19	f	2025-12-08 06:38:53.995924	185	6	708
20	t	2025-12-14 04:10:10.856753	133	7	507
21	f	2025-12-14 04:10:10.856753	134	7	511
22	t	2025-12-14 04:10:10.856753	135	7	515
23	f	2025-12-14 04:10:10.856753	136	7	521
24	f	2025-12-14 04:10:10.856753	137	7	525
\.


--
-- TOC entry 4084 (class 0 OID 18514)
-- Dependencies: 240
-- Data for Name: learner_progresses; Type: TABLE DATA; Schema: public; Owner: postgres
--

COPY public.learner_progresses (id, sessions_completed, total_sessions, avg_ai_analysis_score, avg_quiz_score, status, created_at, updated_at, user_id, course_id, can_generate_ai_analysis) FROM stdin;
8	1	1	65	50	IN_PROGRESS	2025-12-08 00:42:00.048676	2025-12-08 06:40:58.975976	4	29	t
6	1	4	68	30	IN_PROGRESS	2025-12-06 05:43:00.054187	2025-12-14 04:10:10.856753	4	18	f
9	0	1	0	0	IN_PROGRESS	2025-12-15 00:00:00.159316	2025-12-15 00:00:00.159316	4	30	f
\.


--
-- TOC entry 4086 (class 0 OID 18538)
-- Dependencies: 242
-- Data for Name: learner_videos; Type: TABLE DATA; Schema: public; Owner: postgres
--

COPY public.learner_videos (id, tags, duration, public_url, thumbnail_url, overlay_video_url, overlay_thumbnail_url, status, created_at, user_id, session_id, video_id) FROM stdin;
12	\N	5	https://pz-picklaball.b-cdn.net/video/1765154997356/video_10894643_1765154974540.mp4	https://pz-picklaball.b-cdn.net/video_thumbnail/1765154996103/video_10894643_1765154974540-thumbnail.png	\N	\N	READY	2025-12-08 00:49:55.417124	4	41	65
13	\N	5	https://pz-picklaball.b-cdn.net/video/1765175919075/video_14353689_1765175912694.mp4	https://pz-picklaball.b-cdn.net/video_thumbnail/1765175918287/video_14353689_1765175912694-thumbnail.png	\N	\N	READY	2025-12-08 06:38:37.748821	4	58	63
\.


--
-- TOC entry 4128 (class 0 OID 18894)
-- Dependencies: 284
-- Data for Name: learners; Type: TABLE DATA; Schema: public; Owner: postgres
--

COPY public.learners (id, skill_level, learning_goal, user_id) FROM stdin;
1	BEGINNER	INTERMEDIATE	4
2	BEGINNER	INTERMEDIATE	5
3	BEGINNER	INTERMEDIATE	6
\.


--
-- TOC entry 4102 (class 0 OID 18636)
-- Dependencies: 258
-- Data for Name: lessons; Type: TABLE DATA; Schema: public; Owner: postgres
--

COPY public.lessons (id, name, description, lesson_number, created_at, updated_at, deleted_at, subject_id) FROM stdin;
5	Gii thiu v Pickleball	Tm hiu v cc ng tc c bn v cch chi Pickleball.	1	2025-11-22 12:12:55.174408	2025-11-22 12:12:55.174408	\N	2
6	Forehand trong Pickleball	Tm hiu v ng tc Forehand trong Pickleball.	2	2025-11-22 12:12:55.174408	2025-11-22 12:12:55.174408	\N	2
7	Backhand trong Pickleball	Tm hiu v ng tc Backhand trong Pickleball.	3	2025-11-22 12:12:55.174408	2025-11-22 12:12:55.174408	\N	2
8	Giao bng trong Pickleball	Tm hiu v k thut giao bng trong Pickleball.	4	2025-11-22 12:12:55.174408	2025-11-22 12:12:55.174408	\N	2
20	K thut Smash	Hng dn chi tit k thut Smash	1	2025-12-07 23:20:44.490942	2025-12-07 23:20:44.490942	\N	10
21	Bai hoc 1	1	1	2025-12-08 06:45:07.33452	2025-12-08 06:45:07.33452	\N	11
43	V Tr v Di Chuyn Thng Minh Trn Sn i	Bi hc ny tp trung vo tm quan trng ca v tr v di chuyn hiu qu trong nh i pickleball. Bn s hc cch duy tr v tr ti u  vch Kitchen (Non-Volley Zone), cch di chuyn ng b vi ng i khi tn cng v phng th, v cch che ph cc khong trng trn sn. Chng ta s khm ph cc m hnh di chuyn ph bin nh 'side-by-side' v 'up-and-back'  m bo bn v ng i lun  v tr tt nht  kim sot trn u v phn ng nhanh vi cc c nh ca i th.	1	2025-12-10 10:25:30.184044	2025-12-10 10:25:30.184044	\N	19
44	La Chn C nh Tn Cng v Phng Th Nng Cao	Bi hc ny s o su vo ngh thut la chn c nh trong nh i. Bn s hc cch phn tch tnh hung  quyt nh khi no nn thc hin mt c 'dink' mm mi, khi no nn nh mt c 'drive' mnh m, v khi no l thi im thch hp  'smash' hoc 'drop shot'. Chng ta cng s xem xt cc chin lc phng th nh cch tr giao bng hiu qu, cch chn cc c smash, v cch s dng cc c 'reset'  ginh li quyn kim sot im. Mc tiu l gip bn pht trin mt kho v kh c nh a dng v bit cch p dng chng mt cch chin lc.	2	2025-12-10 10:25:30.184044	2025-12-10 10:25:30.184044	\N	19
45	Giao Tip, Lm Vic Nhm v Thch Nghi vi i Th	Bi hc cui cng ny tp trung vo cc yu t phi k thut nhng cc k quan trng: giao tip hiu qu, tinh thn ng i v kh nng thch nghi chin thut. Bn s hc cc phng php giao tip phi li ni v li ni  phi hp tt hn vi ng i, t vic gi bng, xc nh ai s nh, cho n vic ng vin ln nhau. Chng ta cng s tm hiu cch c trn u ca i th, nhn din im mnh, im yu ca h v iu chnh chin thut ca mnh mt cch linh hot. Bi hc ny s gip bn v ng i tr thnh mt n v gn kt, c kh nng gii quyt mi th thch trn sn.	3	2025-12-10 10:25:30.184044	2025-12-10 10:25:30.184044	\N	19
46	Reetf	Xgb	1	2025-12-13 14:56:37.066292	2025-12-13 14:56:37.066292	\N	20
\.


--
-- TOC entry 4142 (class 0 OID 19349)
-- Dependencies: 298
-- Data for Name: migrations; Type: TABLE DATA; Schema: public; Owner: postgres
--

COPY public.migrations (id, "timestamp", name) FROM stdin;
1	1763808249796	DatabaseMigration1763808249796
\.


--
-- TOC entry 4066 (class 0 OID 18304)
-- Dependencies: 222
-- Data for Name: notifications; Type: TABLE DATA; Schema: public; Owner: postgres
--

COPY public.notifications (id, title, body, "navigateTo", type, "isRead", created_at, user_id) FROM stdin;
129	Xc nhn thanh ton thnh cng	Thanh ton cho kha hc Pickleball Nng cao -  Kha 1  c xc nhn thnh cng.	/(learner)/my-courses	SUCCESS	t	2025-12-08 00:34:00.2691	4
130	Khi ng kha hc	Kha hc Pickleball Nng cao -  Kha 1  bt u.	/(learner)/my-courses	INFO	t	2025-12-08 00:42:00.087614	4
132	Hc vin hon thnh bi quiz	Mt hc vin  hon thnh bi quiz	/(coach)/course	INFO	t	2025-12-08 01:00:12.48276	2
122	Yu cu to kha hc mi	Mt HLV  gi yu cu to kha hc mi.	/curriculum?request=29	INFO	t	2025-12-08 00:10:41.883049	1
123	Yu cu to kha hc c duyt	Yu cu to kha hc ca bn  c duyt.	/(coach)/course	SUCCESS	t	2025-12-08 00:12:46.655897	2
133	Feedback mi nhn c	Kha hc Pickleball Nng cao -  Kha 1 va nhn c mt phn hi mi.	/(coach)/course	INFO	t	2025-12-08 01:24:02.799116	2
134	Yu cu to kha hc mi	Mt HLV  gi yu cu to kha hc mi.	/curriculum?request=31	INFO	t	2025-12-08 06:33:00.715595	1
136	Xc nhn thanh ton thnh cng	Thanh ton cho kha hc Pickleball Nng cao -  Kha 2  c xc nhn thnh cng.	/(learner)/my-courses	SUCCESS	t	2025-12-08 06:36:00.28885	4
124	Yu cu to kha hc mi	Mt HLV  gi yu cu to kha hc mi.	/curriculum?request=30	INFO	t	2025-12-08 00:17:33.369705	1
127	ng k kha hc thnh cng	Bn  ng k thnh cng kha hc Pickleball Nng cao -  Kha 1.	/(learner)/my-courses	INFO	t	2025-12-08 00:21:59.147034	4
137	Bui hc  hon thnh	Bui hc K thut Smash ca kha hc Pickleball Nng cao -  Kha 1  c hon thnh. Bn c th bt u lm cc bi tp lin quan.	/(learner)/my-courses	SUCCESS	t	2025-12-08 06:37:58.496251	4
135	Yu cu to kha hc c duyt	Yu cu to kha hc ca bn  c duyt.	/(coach)/course	SUCCESS	t	2025-12-08 06:33:54.000048	2
138	Hc vin hon thnh bi quiz	Mt hc vin  hon thnh bi quiz	/(coach)/course	INFO	t	2025-12-08 06:38:54.095844	2
125	Yu cu to kha hc c duyt	Yu cu to kha hc ca bn  c duyt.	/(coach)/course	SUCCESS	t	2025-12-08 00:20:03.215696	2
139	Feedback mi nhn c	Kha hc Pickleball Nng cao -  Kha 1 va nhn c mt phn hi mi.	/(coach)/course	INFO	t	2025-12-08 06:44:10.371744	2
140	Hun luyn vin mi ng k	Hun luyn vin Lam Tien Hung  ng k v ang ch xc minh.	/coaches?coachId=14	INFO	t	2025-12-08 06:50:20.940786	1
126	Hc vin ng k kha hc	Mt hc vin  ng k kha hc ca bn.	/(coach)/course	INFO	t	2025-12-08 00:21:59.129477	2
128	Hc vin hy ng k kha hc	Mt hc vin  hy ng k kha hc ca bn.	/(coach)/course	INFO	t	2025-12-08 00:22:32.360616	2
131	Kha hc  bt u	Kha hc Pickleball Nng cao -  Kha 1 ca bn  chnh thc bt u.	/(coach)/course	INFO	t	2025-12-08 00:42:00.120494	2
142	Yu cu to kha hc mi	Mt HLV  gi yu cu to kha hc mi.	/curriculum?request=32	INFO	t	2025-12-11 14:57:28.096515	1
143	Yu cu to kha hc mi	Mt HLV  gi yu cu to kha hc mi.	/curriculum?request=33	INFO	t	2025-12-12 15:12:51.005433	1
145	Hun luyn vin mi ng k	Hun luyn vin Nguey Van B  ng k v ang ch xc minh.	/coaches?coachId=15	INFO	t	2025-12-13 08:42:25.564081	1
144	Yu cu to kha hc c duyt	Yu cu to kha hc ca bn  c duyt.	/(coach)/course	SUCCESS	t	2025-12-13 05:52:19.777336	2
146	Feedback mi nhn c	Kha hc Pickleball Nng cao -  Kha 1 va nhn c mt phn hi mi.	/(coach)/course	INFO	t	2025-12-14 00:45:21.455525	2
147	Yu cu to kha hc c duyt	Yu cu to kha hc ca bn  c duyt.	/(coach)/course	SUCCESS	t	2025-12-14 02:37:11.532195	2
148	Hc vin hon thnh bi quiz	Mt hc vin  hon thnh bi quiz	/(coach)/course	INFO	t	2025-12-14 04:10:10.944465	2
149	Khi ng kha hc	Kha hc Pickleball Nng cao -  Kha 2  bt u.	/(learner)/my-courses	INFO	f	2025-12-15 00:00:00.390257	4
150	Kha hc  bt u	Kha hc Pickleball Nng cao -  Kha 2 ca bn  chnh thc bt u.	/(coach)/course	INFO	f	2025-12-15 00:00:00.513758	2
\.


--
-- TOC entry 4078 (class 0 OID 18458)
-- Dependencies: 234
-- Data for Name: payments; Type: TABLE DATA; Schema: public; Owner: postgres
--

COPY public.payments (id, amount, description, "orderCode", "paymentLinkId", "checkoutUrl", "qrCode", status, created_at, updated_at, expired_at, enrollment_id) FROM stdin;
38	2000.000	CS34FCQOO79 Thanh toan khoa hoc	38685	5d92e34c99334f6f97e7f8e515da1a24	https://pay.payos.vn/web/5d92e34c99334f6f97e7f8e515da1a24	00020101021238570010A000000727012700069704480113CAS09050383190208QRIBFTTA5303704540420005802VN62350831CS34FCQOO79 Thanh toan khoa hoc6304A91D	PAID	2025-12-08 06:35:28.880693	2025-12-08 06:36:00.046996	2025-12-09	38
39	500000.000	CSP5RIXLYG3 Thanh toan khoa hoc	15743	5d0b275a88114c1492903a1130be5673	https://pay.payos.vn/web/5d0b275a88114c1492903a1130be5673	00020101021238570010A000000727012700069704480113CAS09050383190208QRIBFTTA530370454065000005802VN62350831CSP5RIXLYG3 Thanh toan khoa hoc63042F22	PENDING	2025-12-13 05:52:45.439469	2025-12-13 05:52:45.439469	2025-12-14	39
40	2000.000	CS19PZP34U8 Thanh toan khoa hoc	86700	4d63e49e1f6647929542b597195f981a	https://pay.payos.vn/web/4d63e49e1f6647929542b597195f981a	00020101021238570010A000000727012700069704480113CAS09050383190208QRIBFTTA5303704540420005802VN62350831CS19PZP34U8 Thanh toan khoa hoc6304835D	PENDING	2025-12-14 04:02:24.236897	2025-12-14 04:02:24.236897	2025-12-15	40
33	2000.000	CSXE5TMB3R0 Thanh toan khoa hoc	90814	85031acc5cd1495d8a0b08784fda0e6c	https://pay.payos.vn/web/85031acc5cd1495d8a0b08784fda0e6c	00020101021238570010A000000727012700069704480113CAS09050383190208QRIBFTTA5303704540420005802VN62350831CSXE5TMB3R0 Thanh toan khoa hoc63049848	PAID	2025-12-06 05:40:48.788928	2025-12-06 05:41:36.509288	2025-12-07	34
36	2000.000	CSEIEFDMQM2 Thanh toan khoa hoc	88595	d960084a39eb4592becdddf931ea8ece	https://pay.payos.vn/web/d960084a39eb4592becdddf931ea8ece	00020101021238570010A000000727012700069704480113CAS09050383190208QRIBFTTA5303704540420005802VN62350831CSEIEFDMQM2 Thanh toan khoa hoc63049F8A	PAID	2025-12-08 00:21:18.209142	2025-12-08 00:21:59.05799	2025-12-09	37
37	2000.000	CSA9F1OA7E8 Thanh toan khoa hoc	10604	cbe8876008f94084a93e5d0f99c3b0a9	https://pay.payos.vn/web/cbe8876008f94084a93e5d0f99c3b0a9	00020101021238570010A000000727012700069704480113CAS09050383190208QRIBFTTA5303704540420005802VN62350831CSA9F1OA7E8 Thanh toan khoa hoc630491CC	PAID	2025-12-08 00:32:39.262833	2025-12-08 00:34:00.059464	2025-12-09	37
\.


--
-- TOC entry 4108 (class 0 OID 18688)
-- Dependencies: 264
-- Data for Name: provinces; Type: TABLE DATA; Schema: public; Owner: postgres
--

COPY public.provinces (id, name) FROM stdin;
1	Thnh ph H Ni
2	Tnh H Giang
3	Tnh Cao Bng
4	Tnh Bc Kn
5	Tnh Tuyn Quang
6	Tnh Lo Cai
7	Tnh in Bin
8	Tnh Lai Chu
9	Tnh Sn La
10	Tnh Yn Bi
11	Tnh Ho Bnh
12	Tnh Thi Nguyn
13	Tnh Lng Sn
14	Tnh Qung Ninh
15	Tnh Bc Giang
16	Tnh Ph Th
17	Tnh Vnh Phc
18	Tnh Bc Ninh
19	Tnh Hi Dng
20	Thnh ph Hi Phng
21	Tnh Hng Yn
22	Tnh Thi Bnh
23	Tnh H Nam
24	Tnh Nam nh
25	Tnh Ninh Bnh
26	Tnh Thanh Ha
27	Tnh Ngh An
28	Tnh H Tnh
29	Tnh Qung Bnh
30	Tnh Qung Tr
31	Thnh ph Hu
32	Thnh ph  Nng
33	Tnh Qung Nam
34	Tnh Qung Ngi
35	Tnh Bnh nh
36	Tnh Ph Yn
37	Tnh Khnh Ha
38	Tnh Ninh Thun
39	Tnh Bnh Thun
40	Tnh Kon Tum
41	Tnh Gia Lai
42	Tnh k Lk
43	Tnh k Nng
44	Tnh Lm ng
45	Tnh Bnh Phc
46	Tnh Ty Ninh
47	Tnh Bnh Dng
48	Tnh ng Nai
49	Tnh B Ra - Vng Tu
50	Thnh ph H Ch Minh
51	Tnh Long An
52	Tnh Tin Giang
53	Tnh Bn Tre
54	Tnh Tr Vinh
55	Tnh Vnh Long
56	Tnh ng Thp
57	Tnh An Giang
58	Tnh Kin Giang
59	Thnh ph Cn Th
60	Tnh Hu Giang
61	Tnh Sc Trng
62	Tnh Bc Liu
63	Tnh C Mau
\.


--
-- TOC entry 4096 (class 0 OID 18601)
-- Dependencies: 252
-- Data for Name: question_options; Type: TABLE DATA; Schema: public; Owner: postgres
--

COPY public.question_options (id, content, is_correct, created_at, question_id) FROM stdin;
97	Ch dnh cho tr em	f	2025-11-22 12:12:55.174408	25
98	Mi la tui	t	2025-11-22 12:12:55.174408	25
99	Ch dnh cho ngi ln	f	2025-11-22 12:12:55.174408	25
100	Ch dnh cho vn ng vin chuyn nghip	f	2025-11-22 12:12:55.174408	25
101	Vt v bng	f	2025-11-22 12:12:55.174408	26
102	Bng v li	f	2025-11-22 12:12:55.174408	26
103	Vt, bng v li	t	2025-11-22 12:12:55.174408	26
104	Ch vt	f	2025-11-22 12:12:55.174408	26
105	Gi bng trong sn ca mnh cng lu cng tt	f	2025-11-22 12:12:55.174408	27
106	Ghi im bng cch nh bng qua li	t	2025-11-22 12:12:55.174408	27
107	nh bng ra ngoi sn i phng	f	2025-11-22 12:12:55.174408	27
108	Chm bng vo li	f	2025-11-22 12:12:55.174408	27
109	10 feet rng v 22 feet di	f	2025-11-22 12:12:55.174408	28
110	20 feet rng v 44 feet di	t	2025-11-22 12:12:55.174408	28
111	30 feet rng v 60 feet di	f	2025-11-22 12:12:55.174408	28
112	40 feet rng v 80 feet di	f	2025-11-22 12:12:55.174408	28
113	30 inch  hai bn v 28 inch  gia	f	2025-11-22 12:12:55.174408	29
114	36 inch  hai bn v 34 inch  gia	t	2025-11-22 12:12:55.174408	29
115	40 inch  hai bn v 38 inch  gia	f	2025-11-22 12:12:55.174408	29
116	42 inch  hai bn v 40 inch  gia	f	2025-11-22 12:12:55.174408	29
117	Tay tri	f	2025-11-22 12:12:55.174408	30
118	Tay thun	t	2025-11-22 12:12:55.174408	30
119	C hai tay	f	2025-11-22 12:12:55.174408	30
120	Tay khng thun	f	2025-11-22 12:12:55.174408	30
121	Tay thun	f	2025-11-22 12:12:55.174408	31
122	Tay khng thun	t	2025-11-22 12:12:55.174408	31
123	C hai tay	f	2025-11-22 12:12:55.174408	31
124	Tay tri	f	2025-11-22 12:12:55.174408	31
125	Khi bng n pha thun ca ngi chi	f	2025-11-22 12:12:55.174408	32
126	Khi bng n pha khng thun ca ngi chi	t	2025-11-22 12:12:55.174408	32
127	Khi khng mun thay i hng nh	f	2025-11-22 12:12:55.174408	32
128	Khi ng gn li	f	2025-11-22 12:12:55.174408	32
129	T th c th v v tr chn	t	2025-11-22 12:12:55.174408	33
130	Ch cn vung vt mnh	f	2025-11-22 12:12:55.174408	33
131	Ch cn cm vt chc chn	f	2025-11-22 12:12:55.174408	33
132	Khng cn ch  n t th	f	2025-11-22 12:12:55.174408	33
133	Khi bng n pha thun ca ngi chi	f	2025-11-22 12:12:55.174408	34
134	 bt u mi im	t	2025-11-22 12:12:55.174408	34
135	Khi khng mun thay i hng nh	f	2025-11-22 12:12:55.174408	34
136	Khi ng gn li	f	2025-11-22 12:12:55.174408	34
137	T th c th v v tr chn	t	2025-11-22 12:12:55.174408	35
138	Ch cn vung vt mnh	f	2025-11-22 12:12:55.174408	35
139	Ch cn cm vt chc chn	f	2025-11-22 12:12:55.174408	35
140	Khng cn ch  n t th	f	2025-11-22 12:12:55.174408	35
141	Luyn tp u n v tp trung vo k thut	t	2025-11-22 12:12:55.174408	36
142	Ch cn nh mnh hn	f	2025-11-22 12:12:55.174408	36
143	Khng cn luyn tp nhiu	f	2025-11-22 12:12:55.174408	36
144	Ch cn thay i vt	f	2025-11-22 12:12:55.174408	36
506	Ch dnh cho tr em	f	2025-11-22 12:12:55.174	133
507	Mi la tui	t	2025-11-22 12:12:55.174	133
508	Ch dnh cho ngi ln	f	2025-11-22 12:12:55.174	133
509	Ch dnh cho vn ng vin chuyn nghip	f	2025-11-22 12:12:55.174	133
510	Vt v bng	f	2025-11-22 12:12:55.174	134
511	Bng v li	f	2025-11-22 12:12:55.174	134
512	Vt, bng v li	t	2025-11-22 12:12:55.174	134
513	Ch vt	f	2025-11-22 12:12:55.174	134
514	Gi bng trong sn ca mnh cng lu cng tt	f	2025-11-22 12:12:55.174	135
515	Ghi im bng cch nh bng qua li	t	2025-11-22 12:12:55.174	135
516	nh bng ra ngoi sn i phng	f	2025-11-22 12:12:55.174	135
517	Chm bng vo li	f	2025-11-22 12:12:55.174	135
518	10 feet rng v 22 feet di	f	2025-11-22 12:12:55.174	136
519	20 feet rng v 44 feet di	t	2025-11-22 12:12:55.174	136
520	30 feet rng v 60 feet di	f	2025-11-22 12:12:55.174	136
521	40 feet rng v 80 feet di	f	2025-11-22 12:12:55.174	136
522	30 inch  hai bn v 28 inch  gia	f	2025-11-22 12:12:55.174	137
523	36 inch  hai bn v 34 inch  gia	t	2025-11-22 12:12:55.174	137
524	40 inch  hai bn v 38 inch  gia	f	2025-11-22 12:12:55.174	137
525	42 inch  hai bn v 40 inch  gia	f	2025-11-22 12:12:55.174	137
526	Tay tri	f	2025-11-22 12:12:55.174	138
527	Tay thun	t	2025-11-22 12:12:55.174	138
528	C hai tay	f	2025-11-22 12:12:55.174	138
529	Tay khng thun	f	2025-11-22 12:12:55.174	138
530	Tay thun	f	2025-11-22 12:12:55.174	139
531	Tay khng thun	t	2025-11-22 12:12:55.174	139
532	C hai tay	f	2025-11-22 12:12:55.174	139
533	Tay tri	f	2025-11-22 12:12:55.174	139
534	Khi bng n pha thun ca ngi chi	f	2025-11-22 12:12:55.174	140
535	Khi bng n pha khng thun ca ngi chi	t	2025-11-22 12:12:55.174	140
536	Khi khng mun thay i hng nh	f	2025-11-22 12:12:55.174	140
537	Khi ng gn li	f	2025-11-22 12:12:55.174	140
538	T th c th v v tr chn	t	2025-11-22 12:12:55.174	141
539	Ch cn vung vt mnh	f	2025-11-22 12:12:55.174	141
540	Ch cn cm vt chc chn	f	2025-11-22 12:12:55.174	141
541	Khng cn ch  n t th	f	2025-11-22 12:12:55.174	141
542	Khi bng n pha thun ca ngi chi	f	2025-11-22 12:12:55.174	142
543	 bt u mi im	t	2025-11-22 12:12:55.174	142
544	Khi khng mun thay i hng nh	f	2025-11-22 12:12:55.174	142
545	Khi ng gn li	f	2025-11-22 12:12:55.174	142
546	T th c th v v tr chn	t	2025-11-22 12:12:55.174	143
547	Ch cn vung vt mnh	f	2025-11-22 12:12:55.174	143
548	Ch cn cm vt chc chn	f	2025-11-22 12:12:55.174	143
549	Khng cn ch  n t th	f	2025-11-22 12:12:55.174	143
550	Luyn tp u n v tp trung vo k thut	t	2025-11-22 12:12:55.174	144
551	Ch cn nh mnh hn	f	2025-11-22 12:12:55.174	144
552	Khng cn luyn tp nhiu	f	2025-11-22 12:12:55.174	144
553	Ch cn thay i vt	f	2025-11-22 12:12:55.174	144
698	Dn ton b lc	f	2025-12-07 23:27:06.884187	181
699	ng k thut	t	2025-12-07 23:27:06.884187	181
700	Tay tri	f	2025-12-07 23:27:06.884187	182
701	Tay phi	f	2025-12-07 23:27:06.884187	182
702	Tay thun	t	2025-12-07 23:27:06.884187	182
708	Dn ton b lc	f	2025-12-07 23:27:06.884	185
709	ng k thut	t	2025-12-07 23:27:06.884	185
710	Tay tri	f	2025-12-07 23:27:06.884	186
711	Tay phi	f	2025-12-07 23:27:06.884	186
712	Tay thun	t	2025-12-07 23:27:06.884	186
718	dung	t	2025-12-08 06:45:58.091712	189
719	sai	f	2025-12-08 06:45:58.091712	189
780	 trnh b i th nh bng qua u	f	2025-12-10 10:25:30.184044	205
781	 c th thc hin cc c volley v kim sot bng tt hn	f	2025-12-10 10:25:30.184044	205
782	 d dng tr bng t baseline	t	2025-12-10 10:25:30.184044	205
783	 ngh ngi gia cc im	f	2025-12-10 10:25:30.184044	205
784	Li v pha baseline	f	2025-12-10 10:25:30.184044	206
785	ng yn ti ch	f	2025-12-10 10:25:30.184044	206
786	Tin ln pha trc, gn vch Kitchen	t	2025-12-10 10:25:30.184044	206
787	Di chuyn sang mt bn	f	2025-12-10 10:25:30.184044	206
788	Lun di chuyn cng lc vi ng i	f	2025-12-10 10:25:30.184044	207
789	Ngi chi mnh hn nn di chuyn nhiu hn	f	2025-12-10 10:25:30.184044	207
790	Gi khong cch u gia hai ngi chi	t	2025-12-10 10:25:30.184044	207
791	Ch di chuyn khi bng i qua mnh	f	2025-12-10 10:25:30.184044	207
792	Mt ngi  Kitchen, mt ngi  baseline	f	2025-12-10 10:25:30.184044	208
793	C hai ngi chi di chuyn ln hoc xung sn cng lc, gi v tr song song	t	2025-12-10 10:25:30.184044	208
794	Ch ngi chi thun tay phi  bn phi sn	f	2025-12-10 10:25:30.184044	208
795	Hai ngi chi ng cho nhau trn sn	f	2025-12-10 10:25:30.184044	208
796	Khi i th nh bng ra ngoi	f	2025-12-10 10:25:30.184044	209
797	Khi mt ngi chi cn li v baseline  tr bng su v sau  tin ln Kitchen	t	2025-12-10 10:25:30.184044	209
798	Khi bn mun to bt ng cho i th	f	2025-12-10 10:25:30.184044	209
799	Khi c hai ngi chi u mt mi	f	2025-12-10 10:25:30.184044	209
800	C 'dink' thng vo li	f	2025-12-10 10:25:30.184044	210
801	C 'drive' mnh vo khong trng trn sn i th	t	2025-12-10 10:25:30.184044	210
802	C 'lob' cao v cui sn	f	2025-12-10 10:25:30.184044	210
803	C 'smash' vo chn i th	f	2025-12-10 10:25:30.184044	210
804	 kt thc im ngay lp tc	f	2025-12-10 10:25:30.184044	211
805	 lm chm nhp  trn u v kim sot bng  vch Kitchen	t	2025-12-10 10:25:30.184044	211
806	 nh bng mnh qua i th	f	2025-12-10 10:25:30.184044	211
807	 buc i th phi li v baseline	f	2025-12-10 10:25:30.184044	211
808	Tip tc 'smash' tr li	f	2025-12-10 10:25:30.184044	212
809	C 'reset' (nh bng nh nhng vo Kitchen i th  ginh li quyn kim sot)	t	2025-12-10 10:25:30.184044	212
810	C 'lob' cao ra ngoi sn	f	2025-12-10 10:25:30.184044	212
811	C gng nh thng ra ngoi bin	f	2025-12-10 10:25:30.184044	212
812	C gng nhy ln v 'smash' bng	f	2025-12-10 10:25:30.184044	213
813	Li nhanh v pha baseline  tr bng v tin ln li	t	2025-12-10 10:25:30.184044	213
814	ng yn v ch ng i x l	f	2025-12-10 10:25:30.184044	213
815	B qua bng v ch giao bng li	f	2025-12-10 10:25:30.184044	213
816	Kh nng 'dink' tt	f	2025-12-10 10:25:30.184044	214
817	Phn x chm hoc di chuyn hn ch	t	2025-12-10 10:25:30.184044	214
818	K nng 'smash' mnh	f	2025-12-10 10:25:30.184044	214
819	Kh nng giao bng chnh xc	f	2025-12-10 10:25:30.184044	214
820	 lm phn tm i th	f	2025-12-10 10:25:30.184044	215
821	 trnh nhm ln, phi hp tt hn v che ph sn hiu qu	t	2025-12-10 10:25:30.184044	215
822	 ra hiu cho trng ti	f	2025-12-10 10:25:30.184044	215
823	 khoe khoang vi khn gi	f	2025-12-10 10:25:30.184044	215
824	Ngi chi gn li hn nn nh	f	2025-12-10 10:25:30.184044	216
825	Ngi chi no thun tay hn hoc  v tr tt hn nn gi bng v nh	t	2025-12-10 10:25:30.184044	216
826	Ngi chi no pht bng  im trc nn nh	f	2025-12-10 10:25:30.184044	216
827	Khng cn quyt nh,  bng t ri	f	2025-12-10 10:25:30.184044	216
828	Trnh nh vo pha tay tri ca h  khng lm h bi ri	f	2025-12-10 10:25:30.184044	217
829	Lin tc 'dink' bng vo pha tay tri ca i th  khai thc im yu	t	2025-12-10 10:25:30.184044	217
830	nh mnh vo gia sn	f	2025-12-10 10:25:30.184044	217
831	Ch tp trung vo c 'smash'	f	2025-12-10 10:25:30.184044	217
832	V tay hai ln	f	2025-12-10 10:25:30.184044	218
833	Ch ngn tay ci ln cao (hoc ni 'lob')	t	2025-12-10 10:25:30.184044	218
834	Lc u qua li	f	2025-12-10 10:25:30.184044	218
835	Gi v nh bn s nh mt c 'smash'	f	2025-12-10 10:25:30.184044	218
836	C gng kt thc im bng mt c 'smash' mo him	f	2025-12-10 10:25:30.184044	219
837	Ku gi time-out ngay lp tc	f	2025-12-10 10:25:30.184044	219
838	Kin nhn 'reset' im, gi bng an ton v ch c hi phn cng	t	2025-12-10 10:25:30.184044	219
839	ng yn v ch i th mc li	f	2025-12-10 10:25:30.184044	219
888	Ch dnh cho tr em	f	2025-11-22 12:12:55.174	232
889	Mi la tui	t	2025-11-22 12:12:55.174	232
890	Ch dnh cho ngi ln	f	2025-11-22 12:12:55.174	232
891	Ch dnh cho vn ng vin chuyn nghip	f	2025-11-22 12:12:55.174	232
892	Vt v bng	f	2025-11-22 12:12:55.174	233
893	Bng v li	f	2025-11-22 12:12:55.174	233
894	Vt, bng v li	t	2025-11-22 12:12:55.174	233
895	Ch vt	f	2025-11-22 12:12:55.174	233
896	Gi bng trong sn ca mnh cng lu cng tt	f	2025-11-22 12:12:55.174	234
897	Ghi im bng cch nh bng qua li	t	2025-11-22 12:12:55.174	234
898	nh bng ra ngoi sn i phng	f	2025-11-22 12:12:55.174	234
899	Chm bng vo li	f	2025-11-22 12:12:55.174	234
900	10 feet rng v 22 feet di	f	2025-11-22 12:12:55.174	235
840	Ch dnh cho tr em	f	2025-11-22 12:12:55.174	220
841	Mi la tui	t	2025-11-22 12:12:55.174	220
842	Ch dnh cho ngi ln	f	2025-11-22 12:12:55.174	220
843	Ch dnh cho vn ng vin chuyn nghip	f	2025-11-22 12:12:55.174	220
844	Vt v bng	f	2025-11-22 12:12:55.174	221
845	Bng v li	f	2025-11-22 12:12:55.174	221
846	Vt, bng v li	t	2025-11-22 12:12:55.174	221
713	Dn ton b lc	f	2025-12-07 23:27:06.884	187
714	ng k thut	t	2025-12-07 23:27:06.884	187
715	Tay tri	f	2025-12-07 23:27:06.884	188
716	Tay phi	f	2025-12-07 23:27:06.884	188
717	Tay thun	t	2025-12-07 23:27:06.884	188
847	Ch vt	f	2025-11-22 12:12:55.174	221
848	Gi bng trong sn ca mnh cng lu cng tt	f	2025-11-22 12:12:55.174	222
849	Ghi im bng cch nh bng qua li	t	2025-11-22 12:12:55.174	222
850	nh bng ra ngoi sn i phng	f	2025-11-22 12:12:55.174	222
851	Chm bng vo li	f	2025-11-22 12:12:55.174	222
852	10 feet rng v 22 feet di	f	2025-11-22 12:12:55.174	223
853	20 feet rng v 44 feet di	t	2025-11-22 12:12:55.174	223
854	30 feet rng v 60 feet di	f	2025-11-22 12:12:55.174	223
855	40 feet rng v 80 feet di	f	2025-11-22 12:12:55.174	223
856	30 inch  hai bn v 28 inch  gia	f	2025-11-22 12:12:55.174	224
857	36 inch  hai bn v 34 inch  gia	t	2025-11-22 12:12:55.174	224
858	40 inch  hai bn v 38 inch  gia	f	2025-11-22 12:12:55.174	224
859	42 inch  hai bn v 40 inch  gia	f	2025-11-22 12:12:55.174	224
860	Tay tri	f	2025-11-22 12:12:55.174	225
861	Tay thun	t	2025-11-22 12:12:55.174	225
862	C hai tay	f	2025-11-22 12:12:55.174	225
863	Tay khng thun	f	2025-11-22 12:12:55.174	225
864	Tay thun	f	2025-11-22 12:12:55.174	226
865	Tay khng thun	t	2025-11-22 12:12:55.174	226
866	C hai tay	f	2025-11-22 12:12:55.174	226
867	Tay tri	f	2025-11-22 12:12:55.174	226
868	Khi bng n pha thun ca ngi chi	f	2025-11-22 12:12:55.174	227
869	Khi bng n pha khng thun ca ngi chi	t	2025-11-22 12:12:55.174	227
870	Khi khng mun thay i hng nh	f	2025-11-22 12:12:55.174	227
871	Khi ng gn li	f	2025-11-22 12:12:55.174	227
872	T th c th v v tr chn	t	2025-11-22 12:12:55.174	228
873	Ch cn vung vt mnh	f	2025-11-22 12:12:55.174	228
874	Ch cn cm vt chc chn	f	2025-11-22 12:12:55.174	228
875	Khng cn ch  n t th	f	2025-11-22 12:12:55.174	228
876	Khi bng n pha thun ca ngi chi	f	2025-11-22 12:12:55.174	229
877	 bt u mi im	t	2025-11-22 12:12:55.174	229
878	Khi khng mun thay i hng nh	f	2025-11-22 12:12:55.174	229
879	Khi ng gn li	f	2025-11-22 12:12:55.174	229
880	T th c th v v tr chn	t	2025-11-22 12:12:55.174	230
881	Ch cn vung vt mnh	f	2025-11-22 12:12:55.174	230
882	Ch cn cm vt chc chn	f	2025-11-22 12:12:55.174	230
883	Khng cn ch  n t th	f	2025-11-22 12:12:55.174	230
884	Luyn tp u n v tp trung vo k thut	t	2025-11-22 12:12:55.174	231
885	Ch cn nh mnh hn	f	2025-11-22 12:12:55.174	231
886	Khng cn luyn tp nhiu	f	2025-11-22 12:12:55.174	231
887	Ch cn thay i vt	f	2025-11-22 12:12:55.174	231
901	20 feet rng v 44 feet di	t	2025-11-22 12:12:55.174	235
902	30 feet rng v 60 feet di	f	2025-11-22 12:12:55.174	235
903	40 feet rng v 80 feet di	f	2025-11-22 12:12:55.174	235
904	30 inch  hai bn v 28 inch  gia	f	2025-11-22 12:12:55.174	236
905	36 inch  hai bn v 34 inch  gia	t	2025-11-22 12:12:55.174	236
906	40 inch  hai bn v 38 inch  gia	f	2025-11-22 12:12:55.174	236
907	42 inch  hai bn v 40 inch  gia	f	2025-11-22 12:12:55.174	236
908	Tay tri	f	2025-11-22 12:12:55.174	237
909	Tay thun	t	2025-11-22 12:12:55.174	237
910	C hai tay	f	2025-11-22 12:12:55.174	237
911	Tay khng thun	f	2025-11-22 12:12:55.174	237
912	Tay thun	f	2025-11-22 12:12:55.174	238
913	Tay khng thun	t	2025-11-22 12:12:55.174	238
914	C hai tay	f	2025-11-22 12:12:55.174	238
915	Tay tri	f	2025-11-22 12:12:55.174	238
916	Khi bng n pha thun ca ngi chi	f	2025-11-22 12:12:55.174	239
917	Khi bng n pha khng thun ca ngi chi	t	2025-11-22 12:12:55.174	239
918	Khi khng mun thay i hng nh	f	2025-11-22 12:12:55.174	239
919	Khi ng gn li	f	2025-11-22 12:12:55.174	239
920	T th c th v v tr chn	t	2025-11-22 12:12:55.174	240
921	Ch cn vung vt mnh	f	2025-11-22 12:12:55.174	240
922	Ch cn cm vt chc chn	f	2025-11-22 12:12:55.174	240
923	Khng cn ch  n t th	f	2025-11-22 12:12:55.174	240
924	Khi bng n pha thun ca ngi chi	f	2025-11-22 12:12:55.174	241
925	 bt u mi im	t	2025-11-22 12:12:55.174	241
926	Khi khng mun thay i hng nh	f	2025-11-22 12:12:55.174	241
927	Khi ng gn li	f	2025-11-22 12:12:55.174	241
928	T th c th v v tr chn	t	2025-11-22 12:12:55.174	242
929	Ch cn vung vt mnh	f	2025-11-22 12:12:55.174	242
930	Ch cn cm vt chc chn	f	2025-11-22 12:12:55.174	242
931	Khng cn ch  n t th	f	2025-11-22 12:12:55.174	242
932	Luyn tp u n v tp trung vo k thut	t	2025-11-22 12:12:55.174	243
933	Ch cn nh mnh hn	f	2025-11-22 12:12:55.174	243
934	Khng cn luyn tp nhiu	f	2025-11-22 12:12:55.174	243
935	Ch cn thay i vt	f	2025-11-22 12:12:55.174	243
\.


--
-- TOC entry 4098 (class 0 OID 18612)
-- Dependencies: 254
-- Data for Name: questions; Type: TABLE DATA; Schema: public; Owner: postgres
--

COPY public.questions (id, title, explanation, created_at, quiz_id) FROM stdin;
133	Pickleball ph hp vi nhng ai?	 Pickleball l mn th thao dnh cho mi la tui v trnh  k nng.	2025-11-22 12:12:55.174	48
134	Dng c c bn  chi Pickleball l g?	Dng c c bn bao gm vt, bng v li.	2025-11-22 12:12:55.174	48
135	Mc tiu chnh ca tr chi Pickleball l g?	Mc tiu chnh l ghi im bng cch nh bng qua li v vo khu vc i phng m h khng th tr li.	2025-11-22 12:12:55.174	48
136	Kch thc sn Pickleball tiu chun l bao nhiu?	Sn Pickleball tiu chun c kch thc 20 feet rng v 44 feet di.	2025-11-22 12:12:55.174	48
137	Li Pickleball c t   cao no?	Li Pickleball c t   cao 36 inch  hai bn v 34 inch  gia.	2025-11-22 12:12:55.174	48
138	Tay no thng c s dng  nh forehand?	Forehand thng c nh bng tay thun ca ngi chi.	2025-11-22 12:12:55.174	49
139	Tay no thng c s dng  nh backhand?	Backhand thng c nh bng tay khng thun ca ngi chi.	2025-11-22 12:12:55.174	50
140	Khi no nn s dng c nh backhand trong trn u?	C nh backhand thng c s dng khi bng n pha khng thun ca ngi chi hoc khi cn thay i hng nh.	2025-11-22 12:12:55.174	50
141	iu g l quan trng nht khi thc hin c nh backhand?	T th c th v v tr chn ng vai tr quan trng trong vic thc hin c nh backhand hiu qu.	2025-11-22 12:12:55.174	50
142	Khi no nn s dng c giao bng trong trn u?	C giao bng c s dng  bt u mi im trong trn u Pickleball.	2025-11-22 12:12:55.174	51
143	iu g l quan trng nht khi thc hin c giao bng?	T th c th v v tr chn ng vai tr quan trng trong vic thc hin c giao bng hiu qu.	2025-11-22 12:12:55.174	51
144	Lm th no  tng  chnh xc khi giao bng?	Tng  chnh xc khi giao bng c th t c thng qua vic luyn tp u n v tp trung vo k thut.	2025-11-22 12:12:55.174	51
25	Pickleball ph hp vi nhng ai?	 Pickleball l mn th thao dnh cho mi la tui v trnh  k nng.	2025-11-22 12:12:55.174408	9
26	Dng c c bn  chi Pickleball l g?	Dng c c bn bao gm vt, bng v li.	2025-11-22 12:12:55.174408	9
27	Mc tiu chnh ca tr chi Pickleball l g?	Mc tiu chnh l ghi im bng cch nh bng qua li v vo khu vc i phng m h khng th tr li.	2025-11-22 12:12:55.174408	9
28	Kch thc sn Pickleball tiu chun l bao nhiu?	Sn Pickleball tiu chun c kch thc 20 feet rng v 44 feet di.	2025-11-22 12:12:55.174408	9
29	Li Pickleball c t   cao no?	Li Pickleball c t   cao 36 inch  hai bn v 34 inch  gia.	2025-11-22 12:12:55.174408	9
30	Tay no thng c s dng  nh forehand?	Forehand thng c nh bng tay thun ca ngi chi.	2025-11-22 12:12:55.174408	10
31	Tay no thng c s dng  nh backhand?	Backhand thng c nh bng tay khng thun ca ngi chi.	2025-11-22 12:12:55.174408	11
32	Khi no nn s dng c nh backhand trong trn u?	C nh backhand thng c s dng khi bng n pha khng thun ca ngi chi hoc khi cn thay i hng nh.	2025-11-22 12:12:55.174408	11
33	iu g l quan trng nht khi thc hin c nh backhand?	T th c th v v tr chn ng vai tr quan trng trong vic thc hin c nh backhand hiu qu.	2025-11-22 12:12:55.174408	11
34	Khi no nn s dng c giao bng trong trn u?	C giao bng c s dng  bt u mi im trong trn u Pickleball.	2025-11-22 12:12:55.174408	12
35	iu g l quan trng nht khi thc hin c giao bng?	T th c th v v tr chn ng vai tr quan trng trong vic thc hin c giao bng hiu qu.	2025-11-22 12:12:55.174408	12
36	Lm th no  tng  chnh xc khi giao bng?	Tng  chnh xc khi giao bng c th t c thng qua vic luyn tp u n v tp trung vo k thut.	2025-11-22 12:12:55.174408	12
181	Lm sao  Smash c nhanh v mnh	\N	2025-12-07 23:27:06.884187	64
182	Smash nn dng tay no	\N	2025-12-07 23:27:06.884187	64
185	Lm sao  Smash c nhanh v mnh	\N	2025-12-07 23:27:06.884	66
186	Smash nn dng tay no	\N	2025-12-07 23:27:06.884	66
187	Lm sao  Smash c nhanh v mnh	\N	2025-12-07 23:27:06.884	67
188	Smash nn dng tay no	\N	2025-12-07 23:27:06.884	67
189	Pickleball la gi ?	\N	2025-12-08 06:45:58.091712	68
205	Ti sao vic duy tr v tr  vch Kitchen li quan trng trong nh i?	Duy tr v tr  vch Kitchen (Non-Volley Zone) cho php bn c th thc hin cc c volley mnh m v kim sot bng tt hn, gy p lc ln i th v to c hi tn cng.	2025-12-10 10:25:30.184044	85
206	Khi ng i ca bn thc hin mt c nh tn cng su, bn nn di chuyn nh th no?	Khi ng i nh bng su v to p lc, bn nn di chuyn ln pha trc, gn vch Kitchen hn  sn sng cho c volley tip theo hoc h tr ng i kt thc im.	2025-12-10 10:25:30.184044	85
207	iu no sau y l nguyn tc quan trng nht trong vic di chuyn ng b ca cp i?	Gi khong cch u gia hai ngi chi m bo khng c khong trng ln no trn sn b b ng, gip che ph hiu qu hn v h tr ln nhau.	2025-12-10 10:25:30.184044	85
208	M hnh di chuyn 'side-by-side' (song song) c  ngha g trong nh i?	M hnh 'side-by-side' l khi c hai ngi chi di chuyn ln hoc xung sn cng lc, gi v tr tng i song song vi nhau  che ph sn ngang hiu qu nht.	2025-12-10 10:25:30.184044	85
209	Khi no th nn thay i v tr t 'side-by-side' sang 'up-and-back'?	'Up-and-back' (mt ngi ln Kitchen, mt ngi li v) thng c s dng khi mt trong hai ngi chi cn tr bng su t baseline v cn thi gian  tin ln Kitchen, trong khi ngi kia duy tr v tr  Kitchen  gi p lc.	2025-12-10 10:25:30.184044	85
210	Khi i th ang ng  vch Kitchen v bn c c hi, c nh no sau y hiu qu nht  'm' sn?	Mt c 'drive' (nh mnh, su) vo khong trng gia hoc ra ra sn i th c th buc h phi di chuyn, to ra khong trng  tn cng tip theo hoc buc h nh bng li.	2025-12-10 10:25:30.184044	86
211	Mc ch chnh ca c 'dink' chin thut l g?	C 'dink' chin thut nhm mc ch gi bng thp, buc i th phi ci xung nh, gy kh khn cho vic tn cng ngc li v c th to c hi cho bn tn cng khi i th mc li hoc nh bng ln cao.	2025-12-10 10:25:30.184044	86
212	Khi bn b i th tn cng mnh lin tc  vch Kitchen, c nh no l la chn tt  'reset' im?	C 'reset' (thng l mt c 'dink' hoc 'drop' cao hn mt cht,   ri vo Kitchen i th m khng bay cao) gip lm chm nhp , v hiu ha  tn cng ca i th v cho bn thi gian  phc hi v tr.	2025-12-10 10:25:30.184044	86
213	Trong tnh hung i th nh bng 'lob' cao qua u bn khi bn ang  Kitchen, phn ng u tin ca bn nn l g?	Khi i th 'lob' qua u, iu quan trng l phi li nhanh v pha baseline  c th tr bng v sau  tin ln li vch Kitchen  ti lp v tr tn cng.	2025-12-10 10:25:30.184044	86
214	im yu no ca i th thng c khai thc bng c 'drive'?	C 'drive' mnh v su c th khai thc im yu ca i th nu h c phn x chm, kh nng di chuyn hn ch, hoc khng thoi mi khi x l bng  tc  cao hoc  vng sn gia.	2025-12-10 10:25:30.184044	86
215	Ti sao vic giao tip l ti quan trng trong nh i pickleball?	Giao tip gip trnh nhm ln v vic ai s nh bng, m bo s phi hp nhp nhng v gip che ph sn hiu qu hn, gim thiu cc li khng ng c.	2025-12-10 10:25:30.184044	87
216	Khi mt qu bng bay gia hai ngi chi, cch tt nht  quyt nh ai s nh l g?	Ngi chi no thun tay hn (forehand) hoc  v tr tt hn  nh (v d, ang tin v pha bng) nn gi bng v thc hin c nh. iu ny cn c thng nht t trc hoc ra hiu nhanh chng.	2025-12-10 10:25:30.184044	87
217	Khi bn nhn thy i th c mt c 'dink' yu  pha tay tri ca h, chin thut thch nghi ca bn nn l g?	Khai thc im yu ca i th bng cch lin tc 'dink' bng vo pha tay tri yu ca h s gy p lc, buc h mc li hoc nh bng ln cao  bn tn cng.	2025-12-10 10:25:30.184044	87
218	Mt tn hiu phi li ni ph bin  ni vi ng i rng bn s nh bng 'lob' qua u i th l g?	Ch ngn tay ci ln cao hoc ni 'lob' l nhng cch hiu qu  thng bo  nh nh 'lob' ca bn, gip ng i chun b di chuyn hoc che ph sn sau.	2025-12-10 10:25:30.184044	87
219	iu g quan trng nht khi bn v ng i ca bn ang  trong tnh th phng th ko di?	Khi  th phng th, iu quan trng nht l phi kin nhn, c gng 'reset' im bng cch a bng an ton vo Kitchen i th hoc ch c hi phn cng. Hn ch cc c nh mo him c th dn n li.	2025-12-10 10:25:30.184044	87
220	Pickleball ph hp vi nhng ai?	 Pickleball l mn th thao dnh cho mi la tui v trnh  k nng.	2025-11-22 12:12:55.174	88
221	Dng c c bn  chi Pickleball l g?	Dng c c bn bao gm vt, bng v li.	2025-11-22 12:12:55.174	88
222	Mc tiu chnh ca tr chi Pickleball l g?	Mc tiu chnh l ghi im bng cch nh bng qua li v vo khu vc i phng m h khng th tr li.	2025-11-22 12:12:55.174	88
223	Kch thc sn Pickleball tiu chun l bao nhiu?	Sn Pickleball tiu chun c kch thc 20 feet rng v 44 feet di.	2025-11-22 12:12:55.174	88
224	Li Pickleball c t   cao no?	Li Pickleball c t   cao 36 inch  hai bn v 34 inch  gia.	2025-11-22 12:12:55.174	88
225	Tay no thng c s dng  nh forehand?	Forehand thng c nh bng tay thun ca ngi chi.	2025-11-22 12:12:55.174	89
226	Tay no thng c s dng  nh backhand?	Backhand thng c nh bng tay khng thun ca ngi chi.	2025-11-22 12:12:55.174	90
227	Khi no nn s dng c nh backhand trong trn u?	C nh backhand thng c s dng khi bng n pha khng thun ca ngi chi hoc khi cn thay i hng nh.	2025-11-22 12:12:55.174	90
228	iu g l quan trng nht khi thc hin c nh backhand?	T th c th v v tr chn ng vai tr quan trng trong vic thc hin c nh backhand hiu qu.	2025-11-22 12:12:55.174	90
229	Khi no nn s dng c giao bng trong trn u?	C giao bng c s dng  bt u mi im trong trn u Pickleball.	2025-11-22 12:12:55.174	91
230	iu g l quan trng nht khi thc hin c giao bng?	T th c th v v tr chn ng vai tr quan trng trong vic thc hin c giao bng hiu qu.	2025-11-22 12:12:55.174	91
231	Lm th no  tng  chnh xc khi giao bng?	Tng  chnh xc khi giao bng c th t c thng qua vic luyn tp u n v tp trung vo k thut.	2025-11-22 12:12:55.174	91
232	Pickleball ph hp vi nhng ai?	 Pickleball l mn th thao dnh cho mi la tui v trnh  k nng.	2025-11-22 12:12:55.174	92
233	Dng c c bn  chi Pickleball l g?	Dng c c bn bao gm vt, bng v li.	2025-11-22 12:12:55.174	92
234	Mc tiu chnh ca tr chi Pickleball l g?	Mc tiu chnh l ghi im bng cch nh bng qua li v vo khu vc i phng m h khng th tr li.	2025-11-22 12:12:55.174	92
235	Kch thc sn Pickleball tiu chun l bao nhiu?	Sn Pickleball tiu chun c kch thc 20 feet rng v 44 feet di.	2025-11-22 12:12:55.174	92
236	Li Pickleball c t   cao no?	Li Pickleball c t   cao 36 inch  hai bn v 34 inch  gia.	2025-11-22 12:12:55.174	92
237	Tay no thng c s dng  nh forehand?	Forehand thng c nh bng tay thun ca ngi chi.	2025-11-22 12:12:55.174	93
238	Tay no thng c s dng  nh backhand?	Backhand thng c nh bng tay khng thun ca ngi chi.	2025-11-22 12:12:55.174	94
239	Khi no nn s dng c nh backhand trong trn u?	C nh backhand thng c s dng khi bng n pha khng thun ca ngi chi hoc khi cn thay i hng nh.	2025-11-22 12:12:55.174	94
240	iu g l quan trng nht khi thc hin c nh backhand?	T th c th v v tr chn ng vai tr quan trng trong vic thc hin c nh backhand hiu qu.	2025-11-22 12:12:55.174	94
241	Khi no nn s dng c giao bng trong trn u?	C giao bng c s dng  bt u mi im trong trn u Pickleball.	2025-11-22 12:12:55.174	95
242	iu g l quan trng nht khi thc hin c giao bng?	T th c th v v tr chn ng vai tr quan trng trong vic thc hin c giao bng hiu qu.	2025-11-22 12:12:55.174	95
243	Lm th no  tng  chnh xc khi giao bng?	Tng  chnh xc khi giao bng c th t c thng qua vic luyn tp u n v tp trung vo k thut.	2025-11-22 12:12:55.174	95
\.


--
-- TOC entry 4092 (class 0 OID 18585)
-- Dependencies: 248
-- Data for Name: quiz_attempts; Type: TABLE DATA; Schema: public; Owner: postgres
--

COPY public.quiz_attempts (id, attempt_number, score, created_at, attempted_by, session_id) FROM stdin;
5	1	20	2025-12-08 01:00:12.385438	4	41
6	1	50	2025-12-08 06:38:53.995924	4	58
7	2	40	2025-12-14 04:10:10.856753	4	41
\.


--
-- TOC entry 4100 (class 0 OID 18622)
-- Dependencies: 256
-- Data for Name: quizzes; Type: TABLE DATA; Schema: public; Owner: postgres
--

COPY public.quizzes (id, title, description, total_questions, deleted_at, "createdById", lesson_id, session_id) FROM stdin;
64	B cu hi v Smash	\N	2	\N	2	20	\N
66	B cu hi v Smash	\N	2	\N	2	\N	58
67	B cu hi v Smash	\N	2	\N	2	\N	59
68	Quiz cho bai hoc 1	\N	1	\N	2	21	\N
9	Cu hi v gii thiu Pickleball	nh gi kin thc c bn v Pickleball.	5	\N	2	5	\N
10	Cu hi v forehand	nh gi kin thc v k thut forehand trong Pickleball.	3	\N	2	6	\N
11	Cu hi v backhand	nh gi kin thc v k thut backhand trong Pickleball.	3	\N	2	7	\N
12	Cu hi v giao bng	Cc cu hi kim tra kin thc v k thut giao bng trong Pickleball.	3	\N	2	8	\N
85	Kim tra V Tr v Di Chuyn Thng Minh Trn Sn i	Bi kim tra ny s nh gi s hiu bit ca bn v v tr v di chuyn chin thut trong nh i pickleball.	5	\N	\N	43	\N
86	Kim tra La Chn C nh Tn Cng v Phng Th Nng Cao	Bi kim tra ny s nh gi kh nng ca bn trong vic la chn v thc hin cc c nh tn cng v phng th chin lc trong nh i.	5	\N	\N	44	\N
87	Kim tra Giao Tip, Lm Vic Nhm v Thch Nghi vi i Th	Bi kim tra ny s nh gi kin thc ca bn v giao tip, lm vic nhm v kh nng thch nghi chin thut trong nh i pickleball.	5	\N	\N	45	\N
88	Cu hi v gii thiu Pickleball	nh gi kin thc c bn v Pickleball.	5	\N	2	\N	60
89	Cu hi v forehand	nh gi kin thc v k thut forehand trong Pickleball.	3	\N	2	\N	61
90	Cu hi v backhand	nh gi kin thc v k thut backhand trong Pickleball.	3	\N	2	\N	62
91	Cu hi v giao bng	Cc cu hi kim tra kin thc v k thut giao bng trong Pickleball.	3	\N	2	\N	63
92	Cu hi v gii thiu Pickleball	nh gi kin thc c bn v Pickleball.	5	\N	2	\N	64
93	Cu hi v forehand	nh gi kin thc v k thut forehand trong Pickleball.	3	\N	2	\N	65
94	Cu hi v backhand	nh gi kin thc v k thut backhand trong Pickleball.	3	\N	2	\N	66
95	Cu hi v giao bng	Cc cu hi kim tra kin thc v k thut giao bng trong Pickleball.	3	\N	2	\N	67
48	Cu hi v gii thiu Pickleball	nh gi kin thc c bn v Pickleball.	5	\N	2	\N	41
49	Cu hi v forehand	nh gi kin thc v k thut forehand trong Pickleball.	3	\N	2	\N	42
50	Cu hi v backhand	nh gi kin thc v k thut backhand trong Pickleball.	3	\N	2	\N	43
51	Cu hi v giao bng	Cc cu hi kim tra kin thc v k thut giao bng trong Pickleball.	3	\N	2	\N	44
\.


--
-- TOC entry 4072 (class 0 OID 18362)
-- Dependencies: 228
-- Data for Name: request_actions; Type: TABLE DATA; Schema: public; Owner: postgres
--

COPY public.request_actions (id, type, comment, created_at, handled_by, request_id) FROM stdin;
32	APPROVED	Yu cu  c duyt	2025-12-13 05:52:19.685641	1	33
33	APPROVED	Yu cu  c duyt	2025-12-14 02:37:11.411446	1	32
\.


--
-- TOC entry 4074 (class 0 OID 18392)
-- Dependencies: 230
-- Data for Name: requests; Type: TABLE DATA; Schema: public; Owner: postgres
--

COPY public.requests (id, description, status, metadata, created_at, updated_at, created_by, type) FROM stdin;
33	To kha hc: Nhp mn Pickleball - Kha 3	APPROVED	{"id": 32, "type": "course", "details": {"id": 32, "name": "Nhp mn Pickleball -  Kha 3", "court": {"id": 62}, "level": "BEGINNER", "status": "PENDING_APPROVAL", "endDate": "2026-01-15T00:00:00.000Z", "subject": {"id": 2, "name": "Nhp mn Pickleball", "level": "BEGINNER", "status": "PUBLISHED", "courses": [{"id": 31, "name": "Nhp mn Pickleball -  Kha 2", "level": "BEGINNER", "status": "PENDING_APPROVAL", "endDate": "2026-01-14", "createdAt": "2025-12-11T14:57:27.091Z", "deletedAt": null, "publicUrl": "https://pz-picklaball.b-cdn.net/course_image/506098/course_image_5581_1765465047085.jpeg", "startDate": "2025-12-24", "updatedAt": "2025-12-11T14:57:27.091Z", "description": "Khm ph th gii Pickleball t nhng bc u tin. Kha hc ny s gip bn hiu r v lut chi, k thut c bn v cch tham gia vo cng ng Pickleball si ng.", "progressPct": 0, "totalEarnings": "0.000", "totalSessions": 4, "googleMeetLink": "asd-dasd-asd", "learningFormat": "INDIVIDUAL", "maxParticipants": 1, "minParticipants": 1, "cancellingReason": null, "currentParticipants": 0, "pricePerParticipant": "2000.000"}, {"id": 18, "name": "Nhp mn Pickleball -  Kha 1", "level": "BEGINNER", "status": "ON_GOING", "endDate": "2026-12-22", "createdAt": "2025-12-06T05:39:35.613Z", "deletedAt": null, "publicUrl": "https://facolospickleball.com/wp-content/uploads/2025/05/lam-sao-de-choi-pickleball-gioi-2.jpg", "startDate": "2025-12-06", "updatedAt": "2025-12-06T05:45:52.034Z", "description": "Khm ph th gii Pickleball t nhng bc u tin. Kha hc ny s gip bn hiu r v lut chi, k thut c bn v cch tham gia vo cng ng Pickleball si ng.", "progressPct": 25, "totalEarnings": "1800.000", "totalSessions": 4, "googleMeetLink": "abc-def-xyz", "learningFormat": "INDIVIDUAL", "maxParticipants": 1, "minParticipants": 1, "cancellingReason": null, "currentParticipants": 1, "pricePerParticipant": "2000.000"}], "lessons": [{"id": 5, "name": "Gii thiu v Pickleball", "quiz": {"id": 9, "title": "Cu hi v gii thiu Pickleball", "deletedAt": null, "questions": [{"id": 25, "title": "Pickleball ph hp vi nhng ai?", "options": [{"id": 97, "content": "Ch dnh cho tr em", "createdAt": "2025-11-22T12:12:55.174Z", "isCorrect": false}, {"id": 98, "content": "Mi la tui", "createdAt": "2025-11-22T12:12:55.174Z", "isCorrect": true}, {"id": 99, "content": "Ch dnh cho ngi ln", "createdAt": "2025-11-22T12:12:55.174Z", "isCorrect": false}, {"id": 100, "content": "Ch dnh cho vn ng vin chuyn nghip", "createdAt": "2025-11-22T12:12:55.174Z", "isCorrect": false}], "createdAt": "2025-11-22T12:12:55.174Z", "explanation": " Pickleball l mn th thao dnh cho mi la tui v trnh  k nng."}, {"id": 26, "title": "Dng c c bn  chi Pickleball l g?", "options": [{"id": 101, "content": "Vt v bng", "createdAt": "2025-11-22T12:12:55.174Z", "isCorrect": false}, {"id": 102, "content": "Bng v li", "createdAt": "2025-11-22T12:12:55.174Z", "isCorrect": false}, {"id": 103, "content": "Vt, bng v li", "createdAt": "2025-11-22T12:12:55.174Z", "isCorrect": true}, {"id": 104, "content": "Ch vt", "createdAt": "2025-11-22T12:12:55.174Z", "isCorrect": false}], "createdAt": "2025-11-22T12:12:55.174Z", "explanation": "Dng c c bn bao gm vt, bng v li."}, {"id": 27, "title": "Mc tiu chnh ca tr chi Pickleball l g?", "options": [{"id": 105, "content": "Gi bng trong sn ca mnh cng lu cng tt", "createdAt": "2025-11-22T12:12:55.174Z", "isCorrect": false}, {"id": 106, "content": "Ghi im bng cch nh bng qua li", "createdAt": "2025-11-22T12:12:55.174Z", "isCorrect": true}, {"id": 107, "content": "nh bng ra ngoi sn i phng", "createdAt": "2025-11-22T12:12:55.174Z", "isCorrect": false}, {"id": 108, "content": "Chm bng vo li", "createdAt": "2025-11-22T12:12:55.174Z", "isCorrect": false}], "createdAt": "2025-11-22T12:12:55.174Z", "explanation": "Mc tiu chnh l ghi im bng cch nh bng qua li v vo khu vc i phng m h khng th tr li."}, {"id": 28, "title": "Kch thc sn Pickleball tiu chun l bao nhiu?", "options": [{"id": 109, "content": "10 feet rng v 22 feet di", "createdAt": "2025-11-22T12:12:55.174Z", "isCorrect": false}, {"id": 110, "content": "20 feet rng v 44 feet di", "createdAt": "2025-11-22T12:12:55.174Z", "isCorrect": true}, {"id": 111, "content": "30 feet rng v 60 feet di", "createdAt": "2025-11-22T12:12:55.174Z", "isCorrect": false}, {"id": 112, "content": "40 feet rng v 80 feet di", "createdAt": "2025-11-22T12:12:55.174Z", "isCorrect": false}], "createdAt": "2025-11-22T12:12:55.174Z", "explanation": "Sn Pickleball tiu chun c kch thc 20 feet rng v 44 feet di."}, {"id": 29, "title": "Li Pickleball c t   cao no?", "options": [{"id": 113, "content": "30 inch  hai bn v 28 inch  gia", "createdAt": "2025-11-22T12:12:55.174Z", "isCorrect": false}, {"id": 114, "content": "36 inch  hai bn v 34 inch  gia", "createdAt": "2025-11-22T12:12:55.174Z", "isCorrect": true}, {"id": 115, "content": "40 inch  hai bn v 38 inch  gia", "createdAt": "2025-11-22T12:12:55.174Z", "isCorrect": false}, {"id": 116, "content": "42 inch  hai bn v 40 inch  gia", "createdAt": "2025-11-22T12:12:55.174Z", "isCorrect": false}], "createdAt": "2025-11-22T12:12:55.174Z", "explanation": "Li Pickleball c t   cao 36 inch  hai bn v 34 inch  gia."}], "description": "nh gi kin thc c bn v Pickleball.", "totalQuestions": 5}, "video": {"id": 6, "tags": "{\\"pickleball\\",\\"gii thiu\\",\\"th thao\\"}", "title": "Video gii thiu v Pickleball", "status": "READY", "duration": 3, "drillName": "Tp luyn c bn", "publicUrl": "https://pz-picklaball.b-cdn.net/video/193908/video_9452234_1764564239741.mov", "description": "Video ny cung cp ci nhn tng quan v mn th thao Pickleball, bao gm lch s, lut chi v nhng li ch khi tham gia.", "thumbnailUrl": "https://pz-picklaball.b-cdn.net/video_thumbnail/598410/video_9452234_1764564239741-thumbnail.png", "drillDescription": "Cc bi tp c bn  lm quen vi Pickleball", "drillPracticeSets": "3 set, mi set 10 pht"}, "createdAt": "2025-11-22T12:12:55.174Z", "deletedAt": null, "updatedAt": "2025-11-22T12:12:55.174Z", "description": "Tm hiu v cc ng tc c bn v cch chi Pickleball.", "lessonNumber": 1}, {"id": 6, "name": "Forehand trong Pickleball", "quiz": {"id": 10, "title": "Cu hi v forehand", "deletedAt": null, "questions": [{"id": 30, "title": "Tay no thng c s dng  nh forehand?", "options": [{"id": 117, "content": "Tay tri", "createdAt": "2025-11-22T12:12:55.174Z", "isCorrect": false}, {"id": 118, "content": "Tay thun", "createdAt": "2025-11-22T12:12:55.174Z", "isCorrect": true}, {"id": 119, "content": "C hai tay", "createdAt": "2025-11-22T12:12:55.174Z", "isCorrect": false}, {"id": 120, "content": "Tay khng thun", "createdAt": "2025-11-22T12:12:55.174Z", "isCorrect": false}], "createdAt": "2025-11-22T12:12:55.174Z", "explanation": "Forehand thng c nh bng tay thun ca ngi chi."}], "description": "nh gi kin thc v k thut forehand trong Pickleball.", "totalQuestions": 3}, "video": {"id": 7, "tags": "{\\"pickleball\\",\\"forehand\\",\\"k thut\\"}", "title": "K thut nh forehand", "status": "READY", "duration": 2, "drillName": "Tp luyn forehand", "publicUrl": "https://pz-picklaball.b-cdn.net/video/899989/video_8279162_1764564270276.mov", "description": "Hng dn chi tit v k thut nh forehand trong Pickleball, bao gm cch cm vt, t th v chuyn ng c th.", "thumbnailUrl": "https://pz-picklaball.b-cdn.net/video_thumbnail/295629/video_8279162_1764564270276-thumbnail.png", "drillDescription": "Cc bi tp  ci thin k thut nh forehand", "drillPracticeSets": "4 set, mi set 8 pht"}, "createdAt": "2025-11-22T12:12:55.174Z", "deletedAt": null, "updatedAt": "2025-11-22T12:12:55.174Z", "description": "Tm hiu v ng tc Forehand trong Pickleball.", "lessonNumber": 2}, {"id": 7, "name": "Backhand trong Pickleball", "quiz": {"id": 11, "title": "Cu hi v backhand", "deletedAt": null, "questions": [{"id": 31, "title": "Tay no thng c s dng  nh backhand?", "options": [{"id": 121, "content": "Tay thun", "createdAt": "2025-11-22T12:12:55.174Z", "isCorrect": false}, {"id": 122, "content": "Tay khng thun", "createdAt": "2025-11-22T12:12:55.174Z", "isCorrect": true}, {"id": 123, "content": "C hai tay", "createdAt": "2025-11-22T12:12:55.174Z", "isCorrect": false}, {"id": 124, "content": "Tay tri", "createdAt": "2025-11-22T12:12:55.174Z", "isCorrect": false}], "createdAt": "2025-11-22T12:12:55.174Z", "explanation": "Backhand thng c nh bng tay khng thun ca ngi chi."}, {"id": 32, "title": "Khi no nn s dng c nh backhand trong trn u?", "options": [{"id": 125, "content": "Khi bng n pha thun ca ngi chi", "createdAt": "2025-11-22T12:12:55.174Z", "isCorrect": false}, {"id": 126, "content": "Khi bng n pha khng thun ca ngi chi", "createdAt": "2025-11-22T12:12:55.174Z", "isCorrect": true}, {"id": 127, "content": "Khi khng mun thay i hng nh", "createdAt": "2025-11-22T12:12:55.174Z", "isCorrect": false}, {"id": 128, "content": "Khi ng gn li", "createdAt": "2025-11-22T12:12:55.174Z", "isCorrect": false}], "createdAt": "2025-11-22T12:12:55.174Z", "explanation": "C nh backhand thng c s dng khi bng n pha khng thun ca ngi chi hoc khi cn thay i hng nh."}, {"id": 33, "title": "iu g l quan trng nht khi thc hin c nh backhand?", "options": [{"id": 129, "content": "T th c th v v tr chn", "createdAt": "2025-11-22T12:12:55.174Z", "isCorrect": true}, {"id": 130, "content": "Ch cn vung vt mnh", "createdAt": "2025-11-22T12:12:55.174Z", "isCorrect": false}, {"id": 131, "content": "Ch cn cm vt chc chn", "createdAt": "2025-11-22T12:12:55.174Z", "isCorrect": false}, {"id": 132, "content": "Khng cn ch  n t th", "createdAt": "2025-11-22T12:12:55.174Z", "isCorrect": false}], "createdAt": "2025-11-22T12:12:55.174Z", "explanation": "T th c th v v tr chn ng vai tr quan trng trong vic thc hin c nh backhand hiu qu."}], "description": "nh gi kin thc v k thut backhand trong Pickleball.", "totalQuestions": 3}, "video": {"id": 8, "tags": "{\\"pickleball\\",\\"backhand\\",\\"k thut\\"}", "title": "K thut nh backhand", "status": "READY", "duration": 2, "drillName": "Tp luyn backhand", "publicUrl": "https://pz-picklaball.b-cdn.net/video/774427/video_8279162_1764564285444.mov", "description": "Hng dn chi tit v k thut nh backhand trong Pickleball, bao gm cch cm vt, t th v chuyn ng c th.", "thumbnailUrl": "https://pz-picklaball.b-cdn.net/video_thumbnail/468987/video_8279162_1764564285444-thumbnail.png", "drillDescription": "Cc bi tp  ci thin k thut nh backhand", "drillPracticeSets": "4 set, mi set 8 pht"}, "createdAt": "2025-11-22T12:12:55.174Z", "deletedAt": null, "updatedAt": "2025-11-22T12:12:55.174Z", "description": "Tm hiu v ng tc Backhand trong Pickleball.", "lessonNumber": 3}, {"id": 8, "name": "Giao bng trong Pickleball", "quiz": {"id": 12, "title": "Cu hi v giao bng", "deletedAt": null, "questions": [{"id": 34, "title": "Khi no nn s dng c giao bng trong trn u?", "options": [{"id": 133, "content": "Khi bng n pha thun ca ngi chi", "createdAt": "2025-11-22T12:12:55.174Z", "isCorrect": false}, {"id": 134, "content": " bt u mi im", "createdAt": "2025-11-22T12:12:55.174Z", "isCorrect": true}, {"id": 135, "content": "Khi khng mun thay i hng nh", "createdAt": "2025-11-22T12:12:55.174Z", "isCorrect": false}, {"id": 136, "content": "Khi ng gn li", "createdAt": "2025-11-22T12:12:55.174Z", "isCorrect": false}], "createdAt": "2025-11-22T12:12:55.174Z", "explanation": "C giao bng c s dng  bt u mi im trong trn u Pickleball."}, {"id": 35, "title": "iu g l quan trng nht khi thc hin c giao bng?", "options": [{"id": 137, "content": "T th c th v v tr chn", "createdAt": "2025-11-22T12:12:55.174Z", "isCorrect": true}, {"id": 138, "content": "Ch cn vung vt mnh", "createdAt": "2025-11-22T12:12:55.174Z", "isCorrect": false}, {"id": 139, "content": "Ch cn cm vt chc chn", "createdAt": "2025-11-22T12:12:55.174Z", "isCorrect": false}, {"id": 140, "content": "Khng cn ch  n t th", "createdAt": "2025-11-22T12:12:55.174Z", "isCorrect": false}], "createdAt": "2025-11-22T12:12:55.174Z", "explanation": "T th c th v v tr chn ng vai tr quan trng trong vic thc hin c giao bng hiu qu."}, {"id": 36, "title": "Lm th no  tng  chnh xc khi giao bng?", "options": [{"id": 141, "content": "Luyn tp u n v tp trung vo k thut", "createdAt": "2025-11-22T12:12:55.174Z", "isCorrect": true}, {"id": 142, "content": "Ch cn nh mnh hn", "createdAt": "2025-11-22T12:12:55.174Z", "isCorrect": false}, {"id": 143, "content": "Khng cn luyn tp nhiu", "createdAt": "2025-11-22T12:12:55.174Z", "isCorrect": false}, {"id": 144, "content": "Ch cn thay i vt", "createdAt": "2025-11-22T12:12:55.174Z", "isCorrect": false}], "createdAt": "2025-11-22T12:12:55.174Z", "explanation": "Tng  chnh xc khi giao bng c th t c thng qua vic luyn tp u n v tp trung vo k thut."}], "description": "Cc cu hi kim tra kin thc v k thut giao bng trong Pickleball.", "totalQuestions": 3}, "video": {"id": 9, "tags": "{\\"pickleball\\",\\"giao bng\\",\\"k thut\\"}", "title": "K thut giao bng", "status": "READY", "duration": 3, "drillName": "Tp luyn giao bng", "publicUrl": "https://pz-picklaball.b-cdn.net/video/768962/video_6934776_1764564299237.mov", "description": "Hng dn chi tit v k thut giao bng trong Pickleball, bao gm cch cm vt, t th v chuyn ng c th.", "thumbnailUrl": "https://pz-picklaball.b-cdn.net/video_thumbnail/435190/video_6934776_1764564299237-thumbnail.png", "drillDescription": "Cc bi tp  ci thin k thut giao bng", "drillPracticeSets": "4 set, mi set 8 pht"}, "createdAt": "2025-11-22T12:12:55.174Z", "deletedAt": null, "updatedAt": "2025-11-22T12:12:55.174Z", "description": "Tm hiu v k thut giao bng trong Pickleball.", "lessonNumber": 4}], "createdAt": "2025-11-22T12:12:55.174Z", "deletedAt": null, "updatedAt": "2025-11-22T12:12:55.174Z", "description": "Khm ph th gii Pickleball t nhng bc u tin. Kha hc ny s gip bn hiu r v lut chi, k thut c bn v cch tham gia vo cng ng Pickleball si ng.", "isAIGenerated": false}, "createdAt": "2025-12-12T15:12:50.932Z", "createdBy": {"id": 2}, "deletedAt": null, "publicUrl": null, "schedules": [{"id": 35, "endTime": "11:00:00", "dayOfWeek": "Thursday", "startTime": "09:00:00", "totalSessions": 4}], "startDate": "2025-12-25T00:00:00.000Z", "updatedAt": "2025-12-12T15:12:50.932Z", "description": "Khm ph th gii Pickleball t nhng bc u tin. Kha hc ny s gip bn hiu r v lut chi, k thut c bn v cch tham gia vo cng ng Pickleball si ng.", "progressPct": 0, "totalEarnings": "0.000", "totalSessions": 4, "googleMeetLink": "asd-gjhk-asd", "learningFormat": "INDIVIDUAL", "maxParticipants": 1, "minParticipants": 1, "cancellingReason": null, "currentParticipants": 0, "pricePerParticipant": "500000.000"}}	2025-12-12 15:12:50.932808	2025-12-13 05:52:19.685641	2	COURSE-APPROVAL
32	To kha hc: Nhp mn Pickleball - Kha 2	APPROVED	{"id": 31, "type": "course", "details": {"id": 31, "name": "Nhp mn Pickleball -  Kha 2", "court": {"id": 47}, "level": "BEGINNER", "status": "PENDING_APPROVAL", "endDate": "2026-01-14T00:00:00.000Z", "subject": {"id": 2, "name": "Nhp mn Pickleball", "level": "BEGINNER", "status": "PUBLISHED", "courses": [{"id": 18, "name": "Nhp mn Pickleball -  Kha 1", "level": "BEGINNER", "status": "ON_GOING", "endDate": "2026-12-22", "createdAt": "2025-12-06T05:39:35.613Z", "deletedAt": null, "publicUrl": "https://facolospickleball.com/wp-content/uploads/2025/05/lam-sao-de-choi-pickleball-gioi-2.jpg", "startDate": "2025-12-06", "updatedAt": "2025-12-06T05:45:52.034Z", "description": "Khm ph th gii Pickleball t nhng bc u tin. Kha hc ny s gip bn hiu r v lut chi, k thut c bn v cch tham gia vo cng ng Pickleball si ng.", "progressPct": 25, "totalEarnings": "1800.000", "totalSessions": 4, "googleMeetLink": "abc-def-xyz", "learningFormat": "INDIVIDUAL", "maxParticipants": 1, "minParticipants": 1, "cancellingReason": null, "currentParticipants": 1, "pricePerParticipant": "2000.000"}], "lessons": [{"id": 5, "name": "Gii thiu v Pickleball", "quiz": {"id": 9, "title": "Cu hi v gii thiu Pickleball", "deletedAt": null, "questions": [{"id": 25, "title": "Pickleball ph hp vi nhng ai?", "options": [{"id": 97, "content": "Ch dnh cho tr em", "createdAt": "2025-11-22T12:12:55.174Z", "isCorrect": false}, {"id": 98, "content": "Mi la tui", "createdAt": "2025-11-22T12:12:55.174Z", "isCorrect": true}, {"id": 99, "content": "Ch dnh cho ngi ln", "createdAt": "2025-11-22T12:12:55.174Z", "isCorrect": false}, {"id": 100, "content": "Ch dnh cho vn ng vin chuyn nghip", "createdAt": "2025-11-22T12:12:55.174Z", "isCorrect": false}], "createdAt": "2025-11-22T12:12:55.174Z", "explanation": " Pickleball l mn th thao dnh cho mi la tui v trnh  k nng."}, {"id": 26, "title": "Dng c c bn  chi Pickleball l g?", "options": [{"id": 101, "content": "Vt v bng", "createdAt": "2025-11-22T12:12:55.174Z", "isCorrect": false}, {"id": 102, "content": "Bng v li", "createdAt": "2025-11-22T12:12:55.174Z", "isCorrect": false}, {"id": 103, "content": "Vt, bng v li", "createdAt": "2025-11-22T12:12:55.174Z", "isCorrect": true}, {"id": 104, "content": "Ch vt", "createdAt": "2025-11-22T12:12:55.174Z", "isCorrect": false}], "createdAt": "2025-11-22T12:12:55.174Z", "explanation": "Dng c c bn bao gm vt, bng v li."}, {"id": 27, "title": "Mc tiu chnh ca tr chi Pickleball l g?", "options": [{"id": 105, "content": "Gi bng trong sn ca mnh cng lu cng tt", "createdAt": "2025-11-22T12:12:55.174Z", "isCorrect": false}, {"id": 106, "content": "Ghi im bng cch nh bng qua li", "createdAt": "2025-11-22T12:12:55.174Z", "isCorrect": true}, {"id": 107, "content": "nh bng ra ngoi sn i phng", "createdAt": "2025-11-22T12:12:55.174Z", "isCorrect": false}, {"id": 108, "content": "Chm bng vo li", "createdAt": "2025-11-22T12:12:55.174Z", "isCorrect": false}], "createdAt": "2025-11-22T12:12:55.174Z", "explanation": "Mc tiu chnh l ghi im bng cch nh bng qua li v vo khu vc i phng m h khng th tr li."}, {"id": 28, "title": "Kch thc sn Pickleball tiu chun l bao nhiu?", "options": [{"id": 109, "content": "10 feet rng v 22 feet di", "createdAt": "2025-11-22T12:12:55.174Z", "isCorrect": false}, {"id": 110, "content": "20 feet rng v 44 feet di", "createdAt": "2025-11-22T12:12:55.174Z", "isCorrect": true}, {"id": 111, "content": "30 feet rng v 60 feet di", "createdAt": "2025-11-22T12:12:55.174Z", "isCorrect": false}, {"id": 112, "content": "40 feet rng v 80 feet di", "createdAt": "2025-11-22T12:12:55.174Z", "isCorrect": false}], "createdAt": "2025-11-22T12:12:55.174Z", "explanation": "Sn Pickleball tiu chun c kch thc 20 feet rng v 44 feet di."}, {"id": 29, "title": "Li Pickleball c t   cao no?", "options": [{"id": 113, "content": "30 inch  hai bn v 28 inch  gia", "createdAt": "2025-11-22T12:12:55.174Z", "isCorrect": false}, {"id": 114, "content": "36 inch  hai bn v 34 inch  gia", "createdAt": "2025-11-22T12:12:55.174Z", "isCorrect": true}, {"id": 115, "content": "40 inch  hai bn v 38 inch  gia", "createdAt": "2025-11-22T12:12:55.174Z", "isCorrect": false}, {"id": 116, "content": "42 inch  hai bn v 40 inch  gia", "createdAt": "2025-11-22T12:12:55.174Z", "isCorrect": false}], "createdAt": "2025-11-22T12:12:55.174Z", "explanation": "Li Pickleball c t   cao 36 inch  hai bn v 34 inch  gia."}], "description": "nh gi kin thc c bn v Pickleball.", "totalQuestions": 5}, "video": {"id": 6, "tags": "{\\"pickleball\\",\\"gii thiu\\",\\"th thao\\"}", "title": "Video gii thiu v Pickleball", "status": "READY", "duration": 3, "drillName": "Tp luyn c bn", "publicUrl": "https://pz-picklaball.b-cdn.net/video/193908/video_9452234_1764564239741.mov", "description": "Video ny cung cp ci nhn tng quan v mn th thao Pickleball, bao gm lch s, lut chi v nhng li ch khi tham gia.", "thumbnailUrl": "https://pz-picklaball.b-cdn.net/video_thumbnail/598410/video_9452234_1764564239741-thumbnail.png", "drillDescription": "Cc bi tp c bn  lm quen vi Pickleball", "drillPracticeSets": "3 set, mi set 10 pht"}, "createdAt": "2025-11-22T12:12:55.174Z", "deletedAt": null, "updatedAt": "2025-11-22T12:12:55.174Z", "description": "Tm hiu v cc ng tc c bn v cch chi Pickleball.", "lessonNumber": 1}, {"id": 6, "name": "Forehand trong Pickleball", "quiz": {"id": 10, "title": "Cu hi v forehand", "deletedAt": null, "questions": [{"id": 30, "title": "Tay no thng c s dng  nh forehand?", "options": [{"id": 117, "content": "Tay tri", "createdAt": "2025-11-22T12:12:55.174Z", "isCorrect": false}, {"id": 118, "content": "Tay thun", "createdAt": "2025-11-22T12:12:55.174Z", "isCorrect": true}, {"id": 119, "content": "C hai tay", "createdAt": "2025-11-22T12:12:55.174Z", "isCorrect": false}, {"id": 120, "content": "Tay khng thun", "createdAt": "2025-11-22T12:12:55.174Z", "isCorrect": false}], "createdAt": "2025-11-22T12:12:55.174Z", "explanation": "Forehand thng c nh bng tay thun ca ngi chi."}], "description": "nh gi kin thc v k thut forehand trong Pickleball.", "totalQuestions": 3}, "video": {"id": 7, "tags": "{\\"pickleball\\",\\"forehand\\",\\"k thut\\"}", "title": "K thut nh forehand", "status": "READY", "duration": 2, "drillName": "Tp luyn forehand", "publicUrl": "https://pz-picklaball.b-cdn.net/video/899989/video_8279162_1764564270276.mov", "description": "Hng dn chi tit v k thut nh forehand trong Pickleball, bao gm cch cm vt, t th v chuyn ng c th.", "thumbnailUrl": "https://pz-picklaball.b-cdn.net/video_thumbnail/295629/video_8279162_1764564270276-thumbnail.png", "drillDescription": "Cc bi tp  ci thin k thut nh forehand", "drillPracticeSets": "4 set, mi set 8 pht"}, "createdAt": "2025-11-22T12:12:55.174Z", "deletedAt": null, "updatedAt": "2025-11-22T12:12:55.174Z", "description": "Tm hiu v ng tc Forehand trong Pickleball.", "lessonNumber": 2}, {"id": 7, "name": "Backhand trong Pickleball", "quiz": {"id": 11, "title": "Cu hi v backhand", "deletedAt": null, "questions": [{"id": 31, "title": "Tay no thng c s dng  nh backhand?", "options": [{"id": 121, "content": "Tay thun", "createdAt": "2025-11-22T12:12:55.174Z", "isCorrect": false}, {"id": 122, "content": "Tay khng thun", "createdAt": "2025-11-22T12:12:55.174Z", "isCorrect": true}, {"id": 123, "content": "C hai tay", "createdAt": "2025-11-22T12:12:55.174Z", "isCorrect": false}, {"id": 124, "content": "Tay tri", "createdAt": "2025-11-22T12:12:55.174Z", "isCorrect": false}], "createdAt": "2025-11-22T12:12:55.174Z", "explanation": "Backhand thng c nh bng tay khng thun ca ngi chi."}, {"id": 32, "title": "Khi no nn s dng c nh backhand trong trn u?", "options": [{"id": 125, "content": "Khi bng n pha thun ca ngi chi", "createdAt": "2025-11-22T12:12:55.174Z", "isCorrect": false}, {"id": 126, "content": "Khi bng n pha khng thun ca ngi chi", "createdAt": "2025-11-22T12:12:55.174Z", "isCorrect": true}, {"id": 127, "content": "Khi khng mun thay i hng nh", "createdAt": "2025-11-22T12:12:55.174Z", "isCorrect": false}, {"id": 128, "content": "Khi ng gn li", "createdAt": "2025-11-22T12:12:55.174Z", "isCorrect": false}], "createdAt": "2025-11-22T12:12:55.174Z", "explanation": "C nh backhand thng c s dng khi bng n pha khng thun ca ngi chi hoc khi cn thay i hng nh."}, {"id": 33, "title": "iu g l quan trng nht khi thc hin c nh backhand?", "options": [{"id": 129, "content": "T th c th v v tr chn", "createdAt": "2025-11-22T12:12:55.174Z", "isCorrect": true}, {"id": 130, "content": "Ch cn vung vt mnh", "createdAt": "2025-11-22T12:12:55.174Z", "isCorrect": false}, {"id": 131, "content": "Ch cn cm vt chc chn", "createdAt": "2025-11-22T12:12:55.174Z", "isCorrect": false}, {"id": 132, "content": "Khng cn ch  n t th", "createdAt": "2025-11-22T12:12:55.174Z", "isCorrect": false}], "createdAt": "2025-11-22T12:12:55.174Z", "explanation": "T th c th v v tr chn ng vai tr quan trng trong vic thc hin c nh backhand hiu qu."}], "description": "nh gi kin thc v k thut backhand trong Pickleball.", "totalQuestions": 3}, "video": {"id": 8, "tags": "{\\"pickleball\\",\\"backhand\\",\\"k thut\\"}", "title": "K thut nh backhand", "status": "READY", "duration": 2, "drillName": "Tp luyn backhand", "publicUrl": "https://pz-picklaball.b-cdn.net/video/774427/video_8279162_1764564285444.mov", "description": "Hng dn chi tit v k thut nh backhand trong Pickleball, bao gm cch cm vt, t th v chuyn ng c th.", "thumbnailUrl": "https://pz-picklaball.b-cdn.net/video_thumbnail/468987/video_8279162_1764564285444-thumbnail.png", "drillDescription": "Cc bi tp  ci thin k thut nh backhand", "drillPracticeSets": "4 set, mi set 8 pht"}, "createdAt": "2025-11-22T12:12:55.174Z", "deletedAt": null, "updatedAt": "2025-11-22T12:12:55.174Z", "description": "Tm hiu v ng tc Backhand trong Pickleball.", "lessonNumber": 3}, {"id": 8, "name": "Giao bng trong Pickleball", "quiz": {"id": 12, "title": "Cu hi v giao bng", "deletedAt": null, "questions": [{"id": 34, "title": "Khi no nn s dng c giao bng trong trn u?", "options": [{"id": 133, "content": "Khi bng n pha thun ca ngi chi", "createdAt": "2025-11-22T12:12:55.174Z", "isCorrect": false}, {"id": 134, "content": " bt u mi im", "createdAt": "2025-11-22T12:12:55.174Z", "isCorrect": true}, {"id": 135, "content": "Khi khng mun thay i hng nh", "createdAt": "2025-11-22T12:12:55.174Z", "isCorrect": false}, {"id": 136, "content": "Khi ng gn li", "createdAt": "2025-11-22T12:12:55.174Z", "isCorrect": false}], "createdAt": "2025-11-22T12:12:55.174Z", "explanation": "C giao bng c s dng  bt u mi im trong trn u Pickleball."}, {"id": 35, "title": "iu g l quan trng nht khi thc hin c giao bng?", "options": [{"id": 137, "content": "T th c th v v tr chn", "createdAt": "2025-11-22T12:12:55.174Z", "isCorrect": true}, {"id": 138, "content": "Ch cn vung vt mnh", "createdAt": "2025-11-22T12:12:55.174Z", "isCorrect": false}, {"id": 139, "content": "Ch cn cm vt chc chn", "createdAt": "2025-11-22T12:12:55.174Z", "isCorrect": false}, {"id": 140, "content": "Khng cn ch  n t th", "createdAt": "2025-11-22T12:12:55.174Z", "isCorrect": false}], "createdAt": "2025-11-22T12:12:55.174Z", "explanation": "T th c th v v tr chn ng vai tr quan trng trong vic thc hin c giao bng hiu qu."}, {"id": 36, "title": "Lm th no  tng  chnh xc khi giao bng?", "options": [{"id": 141, "content": "Luyn tp u n v tp trung vo k thut", "createdAt": "2025-11-22T12:12:55.174Z", "isCorrect": true}, {"id": 142, "content": "Ch cn nh mnh hn", "createdAt": "2025-11-22T12:12:55.174Z", "isCorrect": false}, {"id": 143, "content": "Khng cn luyn tp nhiu", "createdAt": "2025-11-22T12:12:55.174Z", "isCorrect": false}, {"id": 144, "content": "Ch cn thay i vt", "createdAt": "2025-11-22T12:12:55.174Z", "isCorrect": false}], "createdAt": "2025-11-22T12:12:55.174Z", "explanation": "Tng  chnh xc khi giao bng c th t c thng qua vic luyn tp u n v tp trung vo k thut."}], "description": "Cc cu hi kim tra kin thc v k thut giao bng trong Pickleball.", "totalQuestions": 3}, "video": {"id": 9, "tags": "{\\"pickleball\\",\\"giao bng\\",\\"k thut\\"}", "title": "K thut giao bng", "status": "READY", "duration": 3, "drillName": "Tp luyn giao bng", "publicUrl": "https://pz-picklaball.b-cdn.net/video/768962/video_6934776_1764564299237.mov", "description": "Hng dn chi tit v k thut giao bng trong Pickleball, bao gm cch cm vt, t th v chuyn ng c th.", "thumbnailUrl": "https://pz-picklaball.b-cdn.net/video_thumbnail/435190/video_6934776_1764564299237-thumbnail.png", "drillDescription": "Cc bi tp  ci thin k thut giao bng", "drillPracticeSets": "4 set, mi set 8 pht"}, "createdAt": "2025-11-22T12:12:55.174Z", "deletedAt": null, "updatedAt": "2025-11-22T12:12:55.174Z", "description": "Tm hiu v k thut giao bng trong Pickleball.", "lessonNumber": 4}], "createdAt": "2025-11-22T12:12:55.174Z", "deletedAt": null, "updatedAt": "2025-11-22T12:12:55.174Z", "description": "Khm ph th gii Pickleball t nhng bc u tin. Kha hc ny s gip bn hiu r v lut chi, k thut c bn v cch tham gia vo cng ng Pickleball si ng.", "isAIGenerated": false}, "createdAt": "2025-12-11T14:57:27.091Z", "createdBy": {"id": 2}, "deletedAt": null, "publicUrl": "https://pz-picklaball.b-cdn.net/course_image/506098/course_image_5581_1765465047085.jpeg", "schedules": [{"id": 34, "endTime": "11:00:00", "dayOfWeek": "Wednesday", "startTime": "09:00:00", "totalSessions": 4}], "startDate": "2025-12-24T00:00:00.000Z", "updatedAt": "2025-12-11T14:57:27.091Z", "description": "Khm ph th gii Pickleball t nhng bc u tin. Kha hc ny s gip bn hiu r v lut chi, k thut c bn v cch tham gia vo cng ng Pickleball si ng.", "progressPct": 0, "totalEarnings": "0.000", "totalSessions": 4, "googleMeetLink": "asd-dasd-asd", "learningFormat": "INDIVIDUAL", "maxParticipants": 1, "minParticipants": 1, "cancellingReason": null, "currentParticipants": 0, "pricePerParticipant": "2000.000"}}	2025-12-11 14:57:27.091465	2025-12-14 02:37:11.411446	2	COURSE-APPROVAL
\.


--
-- TOC entry 4064 (class 0 OID 18285)
-- Dependencies: 220
-- Data for Name: roles; Type: TABLE DATA; Schema: public; Owner: postgres
--

COPY public.roles (id, name) FROM stdin;
1	ADMIN
2	COACH
3	LEARNER
\.


--
-- TOC entry 4076 (class 0 OID 18438)
-- Dependencies: 232
-- Data for Name: schedules; Type: TABLE DATA; Schema: public; Owner: postgres
--

COPY public.schedules (id, day_of_week, start_time, end_time, total_sessions, course_id) FROM stdin;
21	Monday	09:00:00	11:00:00	4	18
32	Monday	05:00:00	07:00:00	1	29
33	Tuesday	09:00:00	11:00:00	1	30
34	Wednesday	09:00:00	11:00:00	4	31
35	Thursday	09:00:00	11:00:00	4	32
\.


--
-- TOC entry 4116 (class 0 OID 18790)
-- Dependencies: 272
-- Data for Name: session_earnings; Type: TABLE DATA; Schema: public; Owner: postgres
--

COPY public.session_earnings (id, session_price, coach_earning_total, created_at, paid_at, session_id) FROM stdin;
3	450.000	450.000	2025-12-06 05:45:52.034978	2025-12-06	41
4	1800.000	1800.000	2025-12-08 06:37:58.375224	2025-12-08	58
\.


--
-- TOC entry 4118 (class 0 OID 18808)
-- Dependencies: 274
-- Data for Name: sessions; Type: TABLE DATA; Schema: public; Owner: postgres
--

COPY public.sessions (id, name, description, session_number, schedule_date, start_time, end_time, status, created_at, updated_at, "deletedAt", completed_at, course_id, lesson_id, schedule_id) FROM stdin;
42	Forehand trong Pickleball	Tm hiu v ng tc Forehand trong Pickleball.	2	2025-12-22	09:00:00	11:00:00	SCHEDULED	2025-12-06 05:39:54.071369	2025-12-06 05:43:00.054187	\N	\N	18	6	21
43	Backhand trong Pickleball	Tm hiu v ng tc Backhand trong Pickleball.	3	2025-12-29	09:00:00	11:00:00	SCHEDULED	2025-12-06 05:39:54.071369	2025-12-06 05:43:00.054187	\N	\N	18	7	21
44	Giao bng trong Pickleball	Tm hiu v k thut giao bng trong Pickleball.	4	2026-01-05	09:00:00	11:00:00	SCHEDULED	2025-12-06 05:39:54.071369	2025-12-06 05:43:00.054187	\N	\N	18	8	21
41	Gii thiu v Pickleball	Tm hiu v cc ng tc c bn v cch chi Pickleball.	1	2025-12-06	09:00:00	11:00:00	COMPLETED	2025-12-06 05:39:54.071369	2025-12-06 05:45:52.034978	\N	2025-12-06	18	5	21
58	K thut Smash	Hng dn chi tit k thut Smash	1	2025-12-08	05:00:00	07:00:00	COMPLETED	2025-12-08 00:20:03.162417	2025-12-08 06:37:58.375224	\N	2025-12-08	29	20	32
60	Gii thiu v Pickleball	Tm hiu v cc ng tc c bn v cch chi Pickleball.	1	2025-12-25	09:00:00	11:00:00	PENDING	2025-12-13 05:52:19.685641	2025-12-13 05:52:19.685641	\N	\N	32	5	35
61	Forehand trong Pickleball	Tm hiu v ng tc Forehand trong Pickleball.	2	2026-01-01	09:00:00	11:00:00	PENDING	2025-12-13 05:52:19.685641	2025-12-13 05:52:19.685641	\N	\N	32	6	35
62	Backhand trong Pickleball	Tm hiu v ng tc Backhand trong Pickleball.	3	2026-01-08	09:00:00	11:00:00	PENDING	2025-12-13 05:52:19.685641	2025-12-13 05:52:19.685641	\N	\N	32	7	35
63	Giao bng trong Pickleball	Tm hiu v k thut giao bng trong Pickleball.	4	2026-01-15	09:00:00	11:00:00	PENDING	2025-12-13 05:52:19.685641	2025-12-13 05:52:19.685641	\N	\N	32	8	35
64	Gii thiu v Pickleball	Tm hiu v cc ng tc c bn v cch chi Pickleball.	1	2025-12-24	09:00:00	11:00:00	PENDING	2025-12-14 02:37:11.411446	2025-12-14 02:37:11.411446	\N	\N	31	5	34
65	Forehand trong Pickleball	Tm hiu v ng tc Forehand trong Pickleball.	2	2025-12-31	09:00:00	11:00:00	PENDING	2025-12-14 02:37:11.411446	2025-12-14 02:37:11.411446	\N	\N	31	6	34
66	Backhand trong Pickleball	Tm hiu v ng tc Backhand trong Pickleball.	3	2026-01-07	09:00:00	11:00:00	PENDING	2025-12-14 02:37:11.411446	2025-12-14 02:37:11.411446	\N	\N	31	7	34
67	Giao bng trong Pickleball	Tm hiu v k thut giao bng trong Pickleball.	4	2026-01-14	09:00:00	11:00:00	PENDING	2025-12-14 02:37:11.411446	2025-12-14 02:37:11.411446	\N	\N	31	8	34
59	K thut Smash	Hng dn chi tit k thut Smash	1	2025-12-16	09:00:00	11:00:00	SCHEDULED	2025-12-08 06:33:53.916403	2025-12-15 00:00:00.159316	\N	\N	30	20	33
\.


--
-- TOC entry 4104 (class 0 OID 18660)
-- Dependencies: 260
-- Data for Name: subjects; Type: TABLE DATA; Schema: public; Owner: postgres
--

COPY public.subjects (id, name, description, level, status, created_at, updated_at, deleted_at, "createdById", is_ai_generated) FROM stdin;
2	Nhp mn Pickleball	Khm ph th gii Pickleball t nhng bc u tin. Kha hc ny s gip bn hiu r v lut chi, k thut c bn v cch tham gia vo cng ng Pickleball si ng.	BEGINNER	PUBLISHED	2025-11-22 12:12:55.174408	2025-11-22 12:12:55.174408	\N	2	f
10	Pickleball Nng cao	Hun luyn nng cao cc ng tc cho mn pickleball	ADVANCED	PUBLISHED	2025-12-07 23:20:13.312128	2025-12-07 23:27:18.926994	\N	2	f
11	Test 0144	abc	INTERMEDIATE	PUBLISHED	2025-12-08 06:44:49.216759	2025-12-08 06:47:59.125653	\N	2	f
19	Chin Thut nh i Nng Cao Pickleball	Kha hc ny c thit k dnh cho nhng ngi chi pickleball mun nng cao k nng chin thut trong nh i. Bn s c hc cc nguyn tc c bn v nng cao v v tr trn sn, di chuyn thng minh, la chn c nh ph hp trong tng tnh hung, v cch giao tip hiu qu vi ng i. Kha hc i su vo cc chin lc tn cng v phng th, cch i ph vi nhng kiu i th khc nhau, v cch tn dng im yu ca i phng. Chng ti s phn tch cc tnh hung thc t, t  gip bn pht trin kh nng c trn u, ra quyt nh nhanh chng v ti u ha hiu sut thi u. Vi 3 bi hc chuyn su, bn s t tin hn khi bc vo sn, sn sng p dng cc chin thut phc tp  ginh chin thng trong cc trn u i.	INTERMEDIATE	DRAFT	2025-12-10 10:25:30.184044	2025-12-10 10:25:30.184044	\N	2	t
20	Aaa	Aaa	INTERMEDIATE	DRAFT	2025-12-13 14:56:26.780299	2025-12-13 14:57:02.722194	2025-12-13 14:57:02.722194	2	f
\.


--
-- TOC entry 4138 (class 0 OID 18965)
-- Dependencies: 294
-- Data for Name: users; Type: TABLE DATA; Schema: public; Owner: postgres
--

COPY public.users (id, full_name, email, phone_number, password, profile_picture, refresh_token, is_email_verified, is_phone_verified, email_verification_token, reset_password_token, is_active, last_login_at, created_at, updated_at, deleted_at, role_id, province_id, district_id) FROM stdin;
6	Lam Tien Hung	\N	+84832428278	$2b$10$BjTEQ0OziLbM9cVBFmCSDuhMvIfb8J6OWpvE63nX1nvy2kBvGCVY6	\N	$2b$10$21u0pxhNlVEzE3Wk1uZkWuLWjsWMJzvBi2RGt8p/U8HN2Rbsl7Am6	f	t	\N	\N	t	2025-12-06 01:47:56.924	2025-11-22 12:19:04.449069	2025-12-06 01:47:56.946445	\N	3	50	543
4	L Vn C	Learner001@gmail.com	+84904234567	$2b$10$WYqqdl.nFLVraBLldmRDUOnBPAeBGQOgBO59b0wJyUdDc1fuSNqNy	https://encrypted-tbn0.gstatic.com/images?q=tbn:ANd9GcTboSsJG0-rhiwwJq0K6Nt0-9T2IM6aASzXLg&s	$2b$10$83/gvj/fBPBu7xP1ISpmX.bHG1dv1L19cXTiiE8bx9jLVhMqNOzOC	t	t	\N	\N	t	2025-12-14 13:55:14.551	2025-11-22 10:48:22.167172	2025-12-14 13:55:14.55858	\N	3	50	543
8	Nguyen Learner	nguyenanhtuan.170164@gmail.com	+84905269595	$2a$10$DjdMsFhFUZnFILpMbHZNwuARaDl81ZuJcIEQ5r/iMqt5pZ/iBSJyS	\N		t	t	\N	\N	t	2025-11-23 10:29:49.836	2025-11-22 10:48:21.502417	2025-11-23 03:29:51.582063	\N	3	50	543
3	Trn Vn B	coach.b@pickleball.vn	+84903234567	$2b$10$2ddh1gMCe86EYLubTMYbwuCP6BuZ16DyyKXj.g6pcR08kNO4Rhc5.	https://pickleballplus.vn/uploads/2025/03/hlv-huynh-phu-qui-nguoi-tien-phong-trong-lang-pickleball-viet-nam1.jpg	\N	t	t	\N	\N	t	\N	2025-11-22 10:48:21.831728	2025-11-22 10:48:21.831728	\N	2	50	543
7	Nguyen Tuan	tuan@gmail.com	+84905038319	$2a$10$DjdMsFhFUZnFILpMbHZNwuARaDl81ZuJcIEQ5r/iMqt5pZ/iBSJyS	https://cdn.shopvnb.com/uploads/images/bai_viet/huan-luyen-vien-pickleball-5-1759196340.webp	$2b$10$qiLMA0McaPW/1RP2V7S4TeZhyVml1bKfyRzkFWdNwdCuiOzs2Ywda	t	t	\N	\N	t	2025-11-23 14:30:37.872	2025-11-22 10:48:21.502417	2025-11-26 13:25:34.217679	2025-11-26 13:25:34.217679	2	50	543
2	Nguyn Vn A	Coach001@gmail.com	+84902234567	$2b$10$U0k.rXKi4SZDg6Olom84qe6kuTQ1xkOnOy5tk1AAJlGW4Lg5RBUEu	https://cdn.shopvnb.com/uploads/images/bai_viet/huan-luyen-vien-pickleball-3-1759197344.webp	$2b$10$f8AVeEeeMf5EWljKfUcEeO4i/DAeBSFJhe9PrrbenTJ7KkuGJlM5m	t	t	\N	\N	t	2025-12-14 06:32:16.112	2025-11-22 10:48:21.502417	2025-12-14 06:32:16.132816	\N	2	50	543
1	Qun tr vin	Admin001@gmail.com	+84901234567	$2b$10$qZTEazHUYmxRuGscdNMgUuMMVvgMK1t5OwyxEnB0KktR8gAiM7Uu2	\N	$2b$10$I42mfrsIn5.dJuE1vlHfGuTTn7vvvnW97qTICP4sfZdiYlGWWxTiC	t	t	\N	eyJhbGciOiJIUzI1NiIsInR5cCI6IkpXVCJ9.eyJpZCI6MSwiaWF0IjoxNzY1MTE4ODc5LCJleHAiOjE3NjUxMjI0Nzl9.vLyXJjQArsRY12Bt1z7Y4BhDUumtwAIXzDi3HpHo0ls	t	2025-12-14 08:54:03.215	2025-11-22 10:48:21.088763	2025-12-14 08:54:03.231459	\N	1	50	543
22	 Minh Quang	\N	+84832428222	$2b$10$U0k.rXKi4SZDg6Olom84qe6kuTQ1xkOnOy5tk1AAJlGW4Lg5RBUEu	\N	\N	t	t	\N	\N	t	\N	2025-12-13 22:23:22.040661	2025-12-13 22:23:22.040661	\N	2	50	543
5	Phm Th D	learner.d@pickleball.vn	+84905234567	$2b$10$hBp7DeKLiF5hiB4G9xvH/eEIM4Tt4joG7Q.QCUAohH7Kn5rIHBIJe	https://encrypted-tbn0.gstatic.com/images?q=tbn:ANd9GcQkug-K-5r6x-1j7HTFtMOcXN4rERPYXbWLQA&s	\N	t	t	\N	\N	t	\N	2025-11-22 10:48:22.490669	2025-11-22 10:48:22.490669	\N	3	50	543
23	Nguyn Th Thu Hoi	\N	+84832428223	$2b$10$U0k.rXKi4SZDg6Olom84qe6kuTQ1xkOnOy5tk1AAJlGW4Lg5RBUEu	\N	\N	t	t	\N	\N	t	\N	2025-12-13 22:23:22.040661	2025-12-13 22:23:22.040661	\N	2	50	543
\.


--
-- TOC entry 4090 (class 0 OID 18570)
-- Dependencies: 246
-- Data for Name: videos; Type: TABLE DATA; Schema: public; Owner: postgres
--

COPY public.videos (id, title, description, tags, duration, drill_name, drill_description, drill_practice_sets, public_url, thumbnail_url, status, "uploadedById", lesson_id, session_id) FROM stdin;
61	Smash	Video v k thut smash	\N	3				https://pz-picklaball.b-cdn.net/video/65967/video_6934541_1765149768638.mp4	https://pz-picklaball.b-cdn.net/video_thumbnail/60258/video_6934541_1765149768638-thumbnail.png	READY	2	20	\N
65	Video gii thiu v Pickleball	Video ny cung cp ci nhn tng quan v mn th thao Pickleball, bao gm lch s, lut chi v nhng li ch khi tham gia.	{"pickleball","gii thiu","th thao"}	3	Tp luyn c bn	Cc bi tp c bn  lm quen vi Pickleball	3 set, mi set 10 pht	https://pz-picklaball.b-cdn.net/video/193908/video_9452234_1764564239741.mov	https://pz-picklaball.b-cdn.net/video_thumbnail/598410/video_9452234_1764564239741-thumbnail.png	READY	2	\N	41
69	Ngh Thut V Tr v Di Chuyn i	Video ny s hng dn chi tit v cc v tr l tng trn sn trong nh i, tp trung vo cch di chuyn hi ha gia hai ngi chi. Bn s thy cc v d thc t v cch duy tr p lc  vch Kitchen, cch phc hi v tr sau khi nh, v cch trnh b i th khai thc khong trng. Video cng nhn mnh tm quan trng ca vic di chuyn theo cp v gi khong cch hp l  ti u ha kh nng phng th v tn cng.	{"V tr sn","Di chuyn i","Kitchen line","Phng th","Tn cng"}	\N	Drill Di Chuyn ng B i	Thc hnh di chuyn song song: Hai ngi chi ng  vch Kitchen, m phng cc c nh volley v di chuyn sang ngang, ln xung ng b  gi khong cch u. Ch trng vo vic lun quay mt v pha li v gi vt  v tr sn sng. Sau , mt ngi li v baseline  tr bng, ngi kia vn  Kitchen, sau  ngi nh baseline s tin ln Kitchen ngay lp tc.	5 sets x 2 pht mi set	\N	\N	UPLOADING	\N	43	\N
70	Kho V Kh C nh i Ti u	Video ny minh ha cc loi c nh tn cng v phng th khc nhau trong nh i nng cao. Bn s c xem cc v d v 'dink' chin lc  di chuyn i th, 'drive'  to khong trng, v 'smash'  kt thc im. Video cng ch ra cch s dng cc c 'reset' v 'block'  ha gii p lc ca i th, ng thi cung cp mo  c  nh ca i th v chn c nh phn cng hiu qu nht.	{"Dink","Drive","Smash","Drop shot","Reset","Chin thut tn cng","Chin thut phng th"}	\N	Drill Tn Cng/Phng Th C nh a Dng	Thc hnh 'dink' mc tiu v 'drive' khong trng: Hai cp i ng  vch Kitchen. Mt cp thc hin cc c 'dink' t bng vo cc gc c th ca sn i th. Cp cn li phng th v c gng 'dink' tr li hoc thc hin c 'drive' vo khong trng khi c c hi. Lun phin vai tr tn cng/phng th.	4 sets x 5 pht mi set	\N	\N	UPLOADING	\N	44	\N
71	Sc Mnh Ca Teamwork v Thch Nghi	Video ny trnh by cc k thut giao tip hiu qu gia cc i tc trong nh i, bao gm c tn hiu tay v cc t ng ngn gn. N cng khm ph cch phn tch li chi ca i th ngay trong trn u, t  iu chnh chin thut  ginh li th. Bn s hc cch lm vic nhm  che ph sn, a ra quyt nh nhanh chng v cng nhau vt qua nhng tnh hung kh khn, bin im yu ca i th thnh c hi ca mnh.	{"Giao tip","Lm vic nhm","Thch nghi","Phn tch i th","Chin thut nng cao"}	\N	Drill Giao Tip v Thch Nghi Chin Thut	Thc hnh giao tip v phn tch: Mt cp i chi u vi mt cp i khc. Sau mi 3-5 im, c hai i tm dng  tho lun v chin thut, im mnh/yu ca i th v cch phi hp tt hn. Ngi hng dn s a ra cc tnh hung khc nhau  cc i phi thch nghi (v d: i th chuyn 'dink', i th chuyn 'smash').	3-4 trn u th nghim, mi trn 10-15 im	\N	\N	UPLOADING	\N	45	\N
7	K thut nh forehand	Hng dn chi tit v k thut nh forehand trong Pickleball, bao gm cch cm vt, t th v chuyn ng c th.	{"pickleball","forehand","k thut"}	2	Tp luyn forehand	Cc bi tp  ci thin k thut nh forehand	4 set, mi set 8 pht	https://pz-picklaball.b-cdn.net/video/899989/video_8279162_1764564270276.mov	https://pz-picklaball.b-cdn.net/video_thumbnail/295629/video_8279162_1764564270276-thumbnail.png	READY	2	6	\N
6	Video gii thiu v Pickleball	Video ny cung cp ci nhn tng quan v mn th thao Pickleball, bao gm lch s, lut chi v nhng li ch khi tham gia.	{"pickleball","gii thiu","th thao"}	3	Tp luyn c bn	Cc bi tp c bn  lm quen vi Pickleball	3 set, mi set 10 pht	https://pz-picklaball.b-cdn.net/video/193908/video_9452234_1764564239741.mov	https://pz-picklaball.b-cdn.net/video_thumbnail/598410/video_9452234_1764564239741-thumbnail.png	READY	2	5	\N
8	K thut nh backhand	Hng dn chi tit v k thut nh backhand trong Pickleball, bao gm cch cm vt, t th v chuyn ng c th.	{"pickleball","backhand","k thut"}	2	Tp luyn backhand	Cc bi tp  ci thin k thut nh backhand	4 set, mi set 8 pht	https://pz-picklaball.b-cdn.net/video/774427/video_8279162_1764564285444.mov	https://pz-picklaball.b-cdn.net/video_thumbnail/468987/video_8279162_1764564285444-thumbnail.png	READY	2	7	\N
9	K thut giao bng	Hng dn chi tit v k thut giao bng trong Pickleball, bao gm cch cm vt, t th v chuyn ng c th.	{"pickleball","giao bng","k thut"}	3	Tp luyn giao bng	Cc bi tp  ci thin k thut giao bng	4 set, mi set 8 pht	https://pz-picklaball.b-cdn.net/video/768962/video_6934776_1764564299237.mov	https://pz-picklaball.b-cdn.net/video_thumbnail/435190/video_6934776_1764564299237-thumbnail.png	READY	2	8	\N
66	Smash	Video v k thut smash	\N	3				https://pz-picklaball.b-cdn.net/video/65967/video_6934541_1765149768638.mp4	https://pz-picklaball.b-cdn.net/video_thumbnail/60258/video_6934541_1765149768638-thumbnail.png	READY	2	\N	59
72	Video gii thiu v Pickleball	Video ny cung cp ci nhn tng quan v mn th thao Pickleball, bao gm lch s, lut chi v nhng li ch khi tham gia.	{"pickleball","gii thiu","th thao"}	3	Tp luyn c bn	Cc bi tp c bn  lm quen vi Pickleball	3 set, mi set 10 pht	https://pz-picklaball.b-cdn.net/video/193908/video_9452234_1764564239741.mov	https://pz-picklaball.b-cdn.net/video_thumbnail/598410/video_9452234_1764564239741-thumbnail.png	READY	2	\N	60
73	K thut nh forehand	Hng dn chi tit v k thut nh forehand trong Pickleball, bao gm cch cm vt, t th v chuyn ng c th.	{"pickleball","forehand","k thut"}	2	Tp luyn forehand	Cc bi tp  ci thin k thut nh forehand	4 set, mi set 8 pht	https://pz-picklaball.b-cdn.net/video/899989/video_8279162_1764564270276.mov	https://pz-picklaball.b-cdn.net/video_thumbnail/295629/video_8279162_1764564270276-thumbnail.png	READY	2	\N	61
74	K thut nh backhand	Hng dn chi tit v k thut nh backhand trong Pickleball, bao gm cch cm vt, t th v chuyn ng c th.	{"pickleball","backhand","k thut"}	2	Tp luyn backhand	Cc bi tp  ci thin k thut nh backhand	4 set, mi set 8 pht	https://pz-picklaball.b-cdn.net/video/774427/video_8279162_1764564285444.mov	https://pz-picklaball.b-cdn.net/video_thumbnail/468987/video_8279162_1764564285444-thumbnail.png	READY	2	\N	62
75	K thut giao bng	Hng dn chi tit v k thut giao bng trong Pickleball, bao gm cch cm vt, t th v chuyn ng c th.	{"pickleball","giao bng","k thut"}	3	Tp luyn giao bng	Cc bi tp  ci thin k thut giao bng	4 set, mi set 8 pht	https://pz-picklaball.b-cdn.net/video/768962/video_6934776_1764564299237.mov	https://pz-picklaball.b-cdn.net/video_thumbnail/435190/video_6934776_1764564299237-thumbnail.png	READY	2	\N	63
63	Smash	Video v k thut smash	\N	3				https://pz-picklaball.b-cdn.net/video/65967/video_6934541_1765149768638.mp4	https://pz-picklaball.b-cdn.net/video_thumbnail/60258/video_6934541_1765149768638-thumbnail.png	READY	2	\N	58
67	Video cho bai hc 1	Test	\N	3	Test	Test	Test	https://pz-picklaball.b-cdn.net/video/78775/video_9451843_1765176431849.mp4	https://pz-picklaball.b-cdn.net/video_thumbnail/35156/video_9451843_1765176431849-thumbnail.png	READY	2	21	\N
76	Video gii thiu v Pickleball	Video ny cung cp ci nhn tng quan v mn th thao Pickleball, bao gm lch s, lut chi v nhng li ch khi tham gia.	{"pickleball","gii thiu","th thao"}	3	Tp luyn c bn	Cc bi tp c bn  lm quen vi Pickleball	3 set, mi set 10 pht	https://pz-picklaball.b-cdn.net/video/193908/video_9452234_1764564239741.mov	https://pz-picklaball.b-cdn.net/video_thumbnail/598410/video_9452234_1764564239741-thumbnail.png	READY	2	\N	64
77	K thut nh forehand	Hng dn chi tit v k thut nh forehand trong Pickleball, bao gm cch cm vt, t th v chuyn ng c th.	{"pickleball","forehand","k thut"}	2	Tp luyn forehand	Cc bi tp  ci thin k thut nh forehand	4 set, mi set 8 pht	https://pz-picklaball.b-cdn.net/video/899989/video_8279162_1764564270276.mov	https://pz-picklaball.b-cdn.net/video_thumbnail/295629/video_8279162_1764564270276-thumbnail.png	READY	2	\N	65
78	K thut nh backhand	Hng dn chi tit v k thut nh backhand trong Pickleball, bao gm cch cm vt, t th v chuyn ng c th.	{"pickleball","backhand","k thut"}	2	Tp luyn backhand	Cc bi tp  ci thin k thut nh backhand	4 set, mi set 8 pht	https://pz-picklaball.b-cdn.net/video/774427/video_8279162_1764564285444.mov	https://pz-picklaball.b-cdn.net/video_thumbnail/468987/video_8279162_1764564285444-thumbnail.png	READY	2	\N	66
79	K thut giao bng	Hng dn chi tit v k thut giao bng trong Pickleball, bao gm cch cm vt, t th v chuyn ng c th.	{"pickleball","giao bng","k thut"}	3	Tp luyn giao bng	Cc bi tp  ci thin k thut giao bng	4 set, mi set 8 pht	https://pz-picklaball.b-cdn.net/video/768962/video_6934776_1764564299237.mov	https://pz-picklaball.b-cdn.net/video_thumbnail/435190/video_6934776_1764564299237-thumbnail.png	READY	2	\N	67
\.


--
-- TOC entry 4122 (class 0 OID 18848)
-- Dependencies: 278
-- Data for Name: wallet_transactions; Type: TABLE DATA; Schema: public; Owner: postgres
--

COPY public.wallet_transactions (id, amount, description, type, created_at, wallet_id, session_id, withdrawal_request_id) FROM stdin;
5	2000.000	\N	CREDIT	2025-12-01 07:02:17.521963	6	\N	\N
6	2000.000	\N	CREDIT	2025-12-01 07:06:33.4308	6	\N	\N
7	2000.000	\N	CREDIT	2025-12-01 07:08:30.283598	6	\N	\N
8	1800.000	\N	CREDIT	2025-12-01 10:59:58.106309	2	\N	\N
9	450.000	\N	CREDIT	2025-12-06 05:45:52.114673	2	\N	\N
10	2000.000	\N	CREDIT	2025-12-08 00:22:32.326483	4	\N	\N
11	1800.000	\N	CREDIT	2025-12-08 06:37:58.466974	2	\N	\N
12	2000.000	\N	DEBIT	2025-12-11 16:25:27.315481	4	\N	\N
13	2000.000	\N	DEBIT	2025-12-13 13:56:18.644816	2	\N	\N
\.


--
-- TOC entry 4126 (class 0 OID 18865)
-- Dependencies: 282
-- Data for Name: wallets; Type: TABLE DATA; Schema: public; Owner: postgres
--

COPY public.wallets (id, bank_account_number, current_balance, total_income, created_at, updated_at, "userId", bank_id) FROM stdin;
1	\N	0.000	0.000	2025-11-22 10:48:21.219195	2025-11-22 10:48:21.219195	1	\N
3	\N	0.000	0.000	2025-11-22 10:48:21.939549	2025-11-22 10:48:21.939549	3	\N
5	\N	0.000	0.000	2025-11-22 10:48:22.602019	2025-11-22 10:48:22.602019	5	\N
6	\N	6000.000	6000.000	2025-11-22 12:19:04.449069	2025-12-01 07:08:30.283598	6	\N
2	9832428279	2050.000	4050.000	2025-11-22 10:48:21.610874	2025-12-13 14:04:04.981876	2	1
4	1031081680	0.000	2000.000	2025-11-22 10:48:22.277096	2025-12-14 13:56:39.153613	4	68
\.


--
-- TOC entry 4120 (class 0 OID 18832)
-- Dependencies: 276
-- Data for Name: withdrawal_requests; Type: TABLE DATA; Schema: public; Owner: postgres
--

COPY public.withdrawal_requests (id, "referenceId", amount, payout_details, admin_comment, requested_at, completed_at, wallet_id) FROM stdin;
\.


--
-- TOC entry 4198 (class 0 OID 0)
-- Dependencies: 289
-- Name: achievement_progresses_id_seq; Type: SEQUENCE SET; Schema: public; Owner: postgres
--

SELECT pg_catalog.setval('public.achievement_progresses_id_seq', 32, true);


--
-- TOC entry 4199 (class 0 OID 0)
-- Dependencies: 295
-- Name: achievement_tracking_id_seq; Type: SEQUENCE SET; Schema: public; Owner: postgres
--

SELECT pg_catalog.setval('public.achievement_tracking_id_seq', 26, true);


--
-- TOC entry 4200 (class 0 OID 0)
-- Dependencies: 287
-- Name: achievements_id_seq; Type: SEQUENCE SET; Schema: public; Owner: postgres
--

SELECT pg_catalog.setval('public.achievements_id_seq', 21, true);


--
-- TOC entry 4201 (class 0 OID 0)
-- Dependencies: 303
-- Name: ai_learner_progress_analyses_id_seq; Type: SEQUENCE SET; Schema: public; Owner: postgres
--

SELECT pg_catalog.setval('public.ai_learner_progress_analyses_id_seq', 2, true);


--
-- TOC entry 4202 (class 0 OID 0)
-- Dependencies: 301
-- Name: ai_subject_generations_id_seq; Type: SEQUENCE SET; Schema: public; Owner: postgres
--

SELECT pg_catalog.setval('public.ai_subject_generations_id_seq', 1, true);


--
-- TOC entry 4203 (class 0 OID 0)
-- Dependencies: 243
-- Name: ai_video_comparison_results_id_seq; Type: SEQUENCE SET; Schema: public; Owner: postgres
--

SELECT pg_catalog.setval('public.ai_video_comparison_results_id_seq', 23, true);


--
-- TOC entry 4204 (class 0 OID 0)
-- Dependencies: 269
-- Name: attendances_id_seq; Type: SEQUENCE SET; Schema: public; Owner: postgres
--

SELECT pg_catalog.setval('public.attendances_id_seq', 5, true);


--
-- TOC entry 4205 (class 0 OID 0)
-- Dependencies: 279
-- Name: banks_id_seq; Type: SEQUENCE SET; Schema: public; Owner: postgres
--

SELECT pg_catalog.setval('public.banks_id_seq', 76, true);


--
-- TOC entry 4206 (class 0 OID 0)
-- Dependencies: 299
-- Name: base_credentials_id_seq; Type: SEQUENCE SET; Schema: public; Owner: postgres
--

SELECT pg_catalog.setval('public.base_credentials_id_seq', 8, true);


--
-- TOC entry 4207 (class 0 OID 0)
-- Dependencies: 225
-- Name: coaches_id_seq; Type: SEQUENCE SET; Schema: public; Owner: postgres
--

SELECT pg_catalog.setval('public.coaches_id_seq', 17, true);


--
-- TOC entry 4208 (class 0 OID 0)
-- Dependencies: 291
-- Name: configurations_id_seq; Type: SEQUENCE SET; Schema: public; Owner: postgres
--

SELECT pg_catalog.setval('public.configurations_id_seq', 9, true);


--
-- TOC entry 4209 (class 0 OID 0)
-- Dependencies: 267
-- Name: courses_id_seq; Type: SEQUENCE SET; Schema: public; Owner: postgres
--

SELECT pg_catalog.setval('public.courses_id_seq', 32, true);


--
-- TOC entry 4210 (class 0 OID 0)
-- Dependencies: 265
-- Name: courts_id_seq; Type: SEQUENCE SET; Schema: public; Owner: postgres
--

SELECT pg_catalog.setval('public.courts_id_seq', 62, true);


--
-- TOC entry 4211 (class 0 OID 0)
-- Dependencies: 223
-- Name: credentials_id_seq; Type: SEQUENCE SET; Schema: public; Owner: postgres
--

SELECT pg_catalog.setval('public.credentials_id_seq', 8, true);


--
-- TOC entry 4212 (class 0 OID 0)
-- Dependencies: 261
-- Name: districts_id_seq; Type: SEQUENCE SET; Schema: public; Owner: postgres
--

SELECT pg_catalog.setval('public.districts_id_seq', 691, true);


--
-- TOC entry 4213 (class 0 OID 0)
-- Dependencies: 235
-- Name: enrollments_id_seq; Type: SEQUENCE SET; Schema: public; Owner: postgres
--

SELECT pg_catalog.setval('public.enrollments_id_seq', 40, true);


--
-- TOC entry 4214 (class 0 OID 0)
-- Dependencies: 217
-- Name: errors_id_seq; Type: SEQUENCE SET; Schema: public; Owner: postgres
--

SELECT pg_catalog.setval('public.errors_id_seq', 1, false);


--
-- TOC entry 4215 (class 0 OID 0)
-- Dependencies: 237
-- Name: feedbacks_id_seq; Type: SEQUENCE SET; Schema: public; Owner: postgres
--

SELECT pg_catalog.setval('public.feedbacks_id_seq', 5, true);


--
-- TOC entry 4216 (class 0 OID 0)
-- Dependencies: 285
-- Name: learner_achievements_id_seq; Type: SEQUENCE SET; Schema: public; Owner: postgres
--

SELECT pg_catalog.setval('public.learner_achievements_id_seq', 8, true);


--
-- TOC entry 4217 (class 0 OID 0)
-- Dependencies: 249
-- Name: learner_answers_id_seq; Type: SEQUENCE SET; Schema: public; Owner: postgres
--

SELECT pg_catalog.setval('public.learner_answers_id_seq', 24, true);


--
-- TOC entry 4218 (class 0 OID 0)
-- Dependencies: 239
-- Name: learner_progresses_id_seq; Type: SEQUENCE SET; Schema: public; Owner: postgres
--

SELECT pg_catalog.setval('public.learner_progresses_id_seq', 9, true);


--
-- TOC entry 4219 (class 0 OID 0)
-- Dependencies: 241
-- Name: learner_videos_id_seq; Type: SEQUENCE SET; Schema: public; Owner: postgres
--

SELECT pg_catalog.setval('public.learner_videos_id_seq', 13, true);


--
-- TOC entry 4220 (class 0 OID 0)
-- Dependencies: 283
-- Name: learners_id_seq; Type: SEQUENCE SET; Schema: public; Owner: postgres
--

SELECT pg_catalog.setval('public.learners_id_seq', 3, true);


--
-- TOC entry 4221 (class 0 OID 0)
-- Dependencies: 257
-- Name: lessons_id_seq; Type: SEQUENCE SET; Schema: public; Owner: postgres
--

SELECT pg_catalog.setval('public.lessons_id_seq', 46, true);


--
-- TOC entry 4222 (class 0 OID 0)
-- Dependencies: 297
-- Name: migrations_id_seq; Type: SEQUENCE SET; Schema: public; Owner: postgres
--

SELECT pg_catalog.setval('public.migrations_id_seq', 1, true);


--
-- TOC entry 4223 (class 0 OID 0)
-- Dependencies: 221
-- Name: notifications_id_seq; Type: SEQUENCE SET; Schema: public; Owner: postgres
--

SELECT pg_catalog.setval('public.notifications_id_seq', 150, true);


--
-- TOC entry 4224 (class 0 OID 0)
-- Dependencies: 233
-- Name: payments_id_seq; Type: SEQUENCE SET; Schema: public; Owner: postgres
--

SELECT pg_catalog.setval('public.payments_id_seq', 40, true);


--
-- TOC entry 4225 (class 0 OID 0)
-- Dependencies: 263
-- Name: provinces_id_seq; Type: SEQUENCE SET; Schema: public; Owner: postgres
--

SELECT pg_catalog.setval('public.provinces_id_seq', 63, true);


--
-- TOC entry 4226 (class 0 OID 0)
-- Dependencies: 251
-- Name: question_options_id_seq; Type: SEQUENCE SET; Schema: public; Owner: postgres
--

SELECT pg_catalog.setval('public.question_options_id_seq', 935, true);


--
-- TOC entry 4227 (class 0 OID 0)
-- Dependencies: 253
-- Name: questions_id_seq; Type: SEQUENCE SET; Schema: public; Owner: postgres
--

SELECT pg_catalog.setval('public.questions_id_seq', 243, true);


--
-- TOC entry 4228 (class 0 OID 0)
-- Dependencies: 247
-- Name: quiz_attempts_id_seq; Type: SEQUENCE SET; Schema: public; Owner: postgres
--

SELECT pg_catalog.setval('public.quiz_attempts_id_seq', 7, true);


--
-- TOC entry 4229 (class 0 OID 0)
-- Dependencies: 255
-- Name: quizzes_id_seq; Type: SEQUENCE SET; Schema: public; Owner: postgres
--

SELECT pg_catalog.setval('public.quizzes_id_seq', 95, true);


--
-- TOC entry 4230 (class 0 OID 0)
-- Dependencies: 227
-- Name: request_actions_id_seq; Type: SEQUENCE SET; Schema: public; Owner: postgres
--

SELECT pg_catalog.setval('public.request_actions_id_seq', 33, true);


--
-- TOC entry 4231 (class 0 OID 0)
-- Dependencies: 229
-- Name: requests_id_seq; Type: SEQUENCE SET; Schema: public; Owner: postgres
--

SELECT pg_catalog.setval('public.requests_id_seq', 33, true);


--
-- TOC entry 4232 (class 0 OID 0)
-- Dependencies: 219
-- Name: roles_id_seq; Type: SEQUENCE SET; Schema: public; Owner: postgres
--

SELECT pg_catalog.setval('public.roles_id_seq', 3, true);


--
-- TOC entry 4233 (class 0 OID 0)
-- Dependencies: 231
-- Name: schedules_id_seq; Type: SEQUENCE SET; Schema: public; Owner: postgres
--

SELECT pg_catalog.setval('public.schedules_id_seq', 35, true);


--
-- TOC entry 4234 (class 0 OID 0)
-- Dependencies: 271
-- Name: session_earnings_id_seq; Type: SEQUENCE SET; Schema: public; Owner: postgres
--

SELECT pg_catalog.setval('public.session_earnings_id_seq', 4, true);


--
-- TOC entry 4235 (class 0 OID 0)
-- Dependencies: 273
-- Name: sessions_id_seq; Type: SEQUENCE SET; Schema: public; Owner: postgres
--

SELECT pg_catalog.setval('public.sessions_id_seq', 67, true);


--
-- TOC entry 4236 (class 0 OID 0)
-- Dependencies: 259
-- Name: subjects_id_seq; Type: SEQUENCE SET; Schema: public; Owner: postgres
--

SELECT pg_catalog.setval('public.subjects_id_seq', 20, true);


--
-- TOC entry 4237 (class 0 OID 0)
-- Dependencies: 293
-- Name: users_id_seq; Type: SEQUENCE SET; Schema: public; Owner: postgres
--

SELECT pg_catalog.setval('public.users_id_seq', 23, true);


--
-- TOC entry 4238 (class 0 OID 0)
-- Dependencies: 245
-- Name: videos_id_seq; Type: SEQUENCE SET; Schema: public; Owner: postgres
--

SELECT pg_catalog.setval('public.videos_id_seq', 79, true);


--
-- TOC entry 4239 (class 0 OID 0)
-- Dependencies: 277
-- Name: wallet_transactions_id_seq; Type: SEQUENCE SET; Schema: public; Owner: postgres
--

SELECT pg_catalog.setval('public.wallet_transactions_id_seq', 13, true);


--
-- TOC entry 4240 (class 0 OID 0)
-- Dependencies: 281
-- Name: wallets_id_seq; Type: SEQUENCE SET; Schema: public; Owner: postgres
--

SELECT pg_catalog.setval('public.wallets_id_seq', 19, true);


--
-- TOC entry 4241 (class 0 OID 0)
-- Dependencies: 275
-- Name: withdrawal_requests_id_seq; Type: SEQUENCE SET; Schema: public; Owner: postgres
--

SELECT pg_catalog.setval('public.withdrawal_requests_id_seq', 1, false);


--
-- TOC entry 3732 (class 2606 OID 18402)
-- Name: requests PK_0428f484e96f9e6a55955f29b5f; Type: CONSTRAINT; Schema: public; Owner: postgres
--

ALTER TABLE ONLY public.requests
    ADD CONSTRAINT "PK_0428f484e96f9e6a55955f29b5f" PRIMARY KEY (id);


--
-- TOC entry 3761 (class 2606 OID 18620)
-- Name: questions PK_08a6d4b0f49ff300bf3a0ca60ac; Type: CONSTRAINT; Schema: public; Owner: postgres
--

ALTER TABLE ONLY public.questions
    ADD CONSTRAINT "PK_08a6d4b0f49ff300bf3a0ca60ac" PRIMARY KEY (id);


--
-- TOC entry 3789 (class 2606 OID 18797)
-- Name: session_earnings PK_1361efc1c3be2389de251f0edca; Type: CONSTRAINT; Schema: public; Owner: postgres
--

ALTER TABLE ONLY public.session_earnings
    ADD CONSTRAINT "PK_1361efc1c3be2389de251f0edca" PRIMARY KEY (id);


--
-- TOC entry 3759 (class 2606 OID 18610)
-- Name: question_options PK_13be20e51c0738def32f00cf7d5; Type: CONSTRAINT; Schema: public; Owner: postgres
--

ALTER TABLE ONLY public.question_options
    ADD CONSTRAINT "PK_13be20e51c0738def32f00cf7d5" PRIMARY KEY (id);


--
-- TOC entry 3837 (class 2606 OID 19435)
-- Name: base_credentials PK_1528f9daeb202938173b42704b6; Type: CONSTRAINT; Schema: public; Owner: postgres
--

ALTER TABLE ONLY public.base_credentials
    ADD CONSTRAINT "PK_1528f9daeb202938173b42704b6" PRIMARY KEY (id);


--
-- TOC entry 3736 (class 2606 OID 18468)
-- Name: payments PK_197ab7af18c93fbb0c9b28b4a59; Type: CONSTRAINT; Schema: public; Owner: postgres
--

ALTER TABLE ONLY public.payments
    ADD CONSTRAINT "PK_197ab7af18c93fbb0c9b28b4a59" PRIMARY KEY (id);


--
-- TOC entry 3771 (class 2606 OID 18671)
-- Name: subjects PK_1a023685ac2b051b4e557b0b280; Type: CONSTRAINT; Schema: public; Owner: postgres
--

ALTER TABLE ONLY public.subjects
    ADD CONSTRAINT "PK_1a023685ac2b051b4e557b0b280" PRIMARY KEY (id);


--
-- TOC entry 3810 (class 2606 OID 18927)
-- Name: achievements PK_1bc19c37c6249f70186f318d71d; Type: CONSTRAINT; Schema: public; Owner: postgres
--

ALTER TABLE ONLY public.achievements
    ADD CONSTRAINT "PK_1bc19c37c6249f70186f318d71d" PRIMARY KEY (id);


--
-- TOC entry 3839 (class 2606 OID 20124)
-- Name: ai_subject_generations PK_1c22ce54c18e1d296b0128a943e; Type: CONSTRAINT; Schema: public; Owner: postgres
--

ALTER TABLE ONLY public.ai_subject_generations
    ADD CONSTRAINT "PK_1c22ce54c18e1d296b0128a943e" PRIMARY KEY (id);


--
-- TOC entry 3725 (class 2606 OID 18333)
-- Name: credentials PK_1e38bc43be6697cdda548ad27a6; Type: CONSTRAINT; Schema: public; Owner: postgres
--

ALTER TABLE ONLY public.credentials
    ADD CONSTRAINT "PK_1e38bc43be6697cdda548ad27a6" PRIMARY KEY (id);


--
-- TOC entry 3742 (class 2606 OID 18526)
-- Name: learner_progresses PK_216fd40aa70de57727260a9ad38; Type: CONSTRAINT; Schema: public; Owner: postgres
--

ALTER TABLE ONLY public.learner_progresses
    ADD CONSTRAINT "PK_216fd40aa70de57727260a9ad38" PRIMARY KEY (id);


--
-- TOC entry 3730 (class 2606 OID 18370)
-- Name: request_actions PK_21ba286e9bb7bac92b0917135be; Type: CONSTRAINT; Schema: public; Owner: postgres
--

ALTER TABLE ONLY public.request_actions
    ADD CONSTRAINT "PK_21ba286e9bb7bac92b0917135be" PRIMARY KEY (id);


--
-- TOC entry 3776 (class 2606 OID 18693)
-- Name: provinces PK_2e4260eedbcad036ec53222e0c7; Type: CONSTRAINT; Schema: public; Owner: postgres
--

ALTER TABLE ONLY public.provinces
    ADD CONSTRAINT "PK_2e4260eedbcad036ec53222e0c7" PRIMARY KEY (id);


--
-- TOC entry 3793 (class 2606 OID 18819)
-- Name: sessions PK_3238ef96f18b355b671619111bc; Type: CONSTRAINT; Schema: public; Owner: postgres
--

ALTER TABLE ONLY public.sessions
    ADD CONSTRAINT "PK_3238ef96f18b355b671619111bc" PRIMARY KEY (id);


--
-- TOC entry 3799 (class 2606 OID 18863)
-- Name: banks PK_3975b5f684ec241e3901db62d77; Type: CONSTRAINT; Schema: public; Owner: postgres
--

ALTER TABLE ONLY public.banks
    ADD CONSTRAINT "PK_3975b5f684ec241e3901db62d77" PRIMARY KEY (id);


--
-- TOC entry 3805 (class 2606 OID 18901)
-- Name: learners PK_3e7273fda51b35b9c8e4f096d91; Type: CONSTRAINT; Schema: public; Owner: postgres
--

ALTER TABLE ONLY public.learners
    ADD CONSTRAINT "PK_3e7273fda51b35b9c8e4f096d91" PRIMARY KEY (id);


--
-- TOC entry 3785 (class 2606 OID 18761)
-- Name: courses PK_3f70a487cc718ad8eda4e6d58c9; Type: CONSTRAINT; Schema: public; Owner: postgres
--

ALTER TABLE ONLY public.courses
    ADD CONSTRAINT "PK_3f70a487cc718ad8eda4e6d58c9" PRIMARY KEY (id);


--
-- TOC entry 3787 (class 2606 OID 18781)
-- Name: attendances PK_483ed97cd4cd43ab4a117516b69; Type: CONSTRAINT; Schema: public; Owner: postgres
--

ALTER TABLE ONLY public.attendances
    ADD CONSTRAINT "PK_483ed97cd4cd43ab4a117516b69" PRIMARY KEY (id);


--
-- TOC entry 3797 (class 2606 OID 18856)
-- Name: wallet_transactions PK_5120f131bde2cda940ec1a621db; Type: CONSTRAINT; Schema: public; Owner: postgres
--

ALTER TABLE ONLY public.wallet_transactions
    ADD CONSTRAINT "PK_5120f131bde2cda940ec1a621db" PRIMARY KEY (id);


--
-- TOC entry 3744 (class 2606 OID 18547)
-- Name: learner_videos PK_52a8044314439f8e2a30c41971a; Type: CONSTRAINT; Schema: public; Owner: postgres
--

ALTER TABLE ONLY public.learner_videos
    ADD CONSTRAINT "PK_52a8044314439f8e2a30c41971a" PRIMARY KEY (id);


--
-- TOC entry 3833 (class 2606 OID 19000)
-- Name: achievement_tracking PK_6a4b5a5dc99728dd056e2bdbbd3; Type: CONSTRAINT; Schema: public; Owner: postgres
--

ALTER TABLE ONLY public.achievement_tracking
    ADD CONSTRAINT "PK_6a4b5a5dc99728dd056e2bdbbd3" PRIMARY KEY (id);


--
-- TOC entry 3723 (class 2606 OID 18314)
-- Name: notifications PK_6a72c3c0f683f6462415e653c3a; Type: CONSTRAINT; Schema: public; Owner: postgres
--

ALTER TABLE ONLY public.notifications
    ADD CONSTRAINT "PK_6a72c3c0f683f6462415e653c3a" PRIMARY KEY (id);


--
-- TOC entry 3843 (class 2606 OID 20153)
-- Name: ai_learner_progress_analyses PK_6b9a533699195298969124902dc; Type: CONSTRAINT; Schema: public; Owner: postgres
--

ALTER TABLE ONLY public.ai_learner_progress_analyses
    ADD CONSTRAINT "PK_6b9a533699195298969124902dc" PRIMARY KEY (id);


--
-- TOC entry 3740 (class 2606 OID 18505)
-- Name: feedbacks PK_79affc530fdd838a9f1e0cc30be; Type: CONSTRAINT; Schema: public; Owner: postgres
--

ALTER TABLE ONLY public.feedbacks
    ADD CONSTRAINT "PK_79affc530fdd838a9f1e0cc30be" PRIMARY KEY (id);


--
-- TOC entry 3738 (class 2606 OID 18494)
-- Name: enrollments PK_7c0f752f9fb68bf6ed7367ab00f; Type: CONSTRAINT; Schema: public; Owner: postgres
--

ALTER TABLE ONLY public.enrollments
    ADD CONSTRAINT "PK_7c0f752f9fb68bf6ed7367ab00f" PRIMARY KEY (id);


--
-- TOC entry 3757 (class 2606 OID 18599)
-- Name: learner_answers PK_7d1aac32b5f70cd42928c34ce07; Type: CONSTRAINT; Schema: public; Owner: postgres
--

ALTER TABLE ONLY public.learner_answers
    ADD CONSTRAINT "PK_7d1aac32b5f70cd42928c34ce07" PRIMARY KEY (id);


--
-- TOC entry 3734 (class 2606 OID 18444)
-- Name: schedules PK_7e33fc2ea755a5765e3564e66dd; Type: CONSTRAINT; Schema: public; Owner: postgres
--

ALTER TABLE ONLY public.schedules
    ADD CONSTRAINT "PK_7e33fc2ea755a5765e3564e66dd" PRIMARY KEY (id);


--
-- TOC entry 3801 (class 2606 OID 18874)
-- Name: wallets PK_8402e5df5a30a229380e83e4f7e; Type: CONSTRAINT; Schema: public; Owner: postgres
--

ALTER TABLE ONLY public.wallets
    ADD CONSTRAINT "PK_8402e5df5a30a229380e83e4f7e" PRIMARY KEY (id);


--
-- TOC entry 3814 (class 2606 OID 18936)
-- Name: achievement_progresses PK_89689173498872805e03d0906b2; Type: CONSTRAINT; Schema: public; Owner: postgres
--

ALTER TABLE ONLY public.achievement_progresses
    ADD CONSTRAINT "PK_89689173498872805e03d0906b2" PRIMARY KEY (id);


--
-- TOC entry 3835 (class 2606 OID 19356)
-- Name: migrations PK_8c82d7f526340ab734260ea46be; Type: CONSTRAINT; Schema: public; Owner: postgres
--

ALTER TABLE ONLY public.migrations
    ADD CONSTRAINT "PK_8c82d7f526340ab734260ea46be" PRIMARY KEY (id);


--
-- TOC entry 3780 (class 2606 OID 18703)
-- Name: courts PK_948a5d356c3083f3237ecbf9897; Type: CONSTRAINT; Schema: public; Owner: postgres
--

ALTER TABLE ONLY public.courts
    ADD CONSTRAINT "PK_948a5d356c3083f3237ecbf9897" PRIMARY KEY (id);


--
-- TOC entry 3774 (class 2606 OID 18685)
-- Name: districts PK_972a72ff4e3bea5c7f43a2b98af; Type: CONSTRAINT; Schema: public; Owner: postgres
--

ALTER TABLE ONLY public.districts
    ADD CONSTRAINT "PK_972a72ff4e3bea5c7f43a2b98af" PRIMARY KEY (id);


--
-- TOC entry 3769 (class 2606 OID 18645)
-- Name: lessons PK_9b9a8d455cac672d262d7275730; Type: CONSTRAINT; Schema: public; Owner: postgres
--

ALTER TABLE ONLY public.lessons
    ADD CONSTRAINT "PK_9b9a8d455cac672d262d7275730" PRIMARY KEY (id);


--
-- TOC entry 3827 (class 2606 OID 18978)
-- Name: users PK_a3ffb1c0c8416b9fc6f907b7433; Type: CONSTRAINT; Schema: public; Owner: postgres
--

ALTER TABLE ONLY public.users
    ADD CONSTRAINT "PK_a3ffb1c0c8416b9fc6f907b7433" PRIMARY KEY (id);


--
-- TOC entry 3755 (class 2606 OID 18591)
-- Name: quiz_attempts PK_a84a93fb092359516dc5b325b90; Type: CONSTRAINT; Schema: public; Owner: postgres
--

ALTER TABLE ONLY public.quiz_attempts
    ADD CONSTRAINT "PK_a84a93fb092359516dc5b325b90" PRIMARY KEY (id);


--
-- TOC entry 3763 (class 2606 OID 18630)
-- Name: quizzes PK_b24f0f7662cf6b3a0e7dba0a1b4; Type: CONSTRAINT; Schema: public; Owner: postgres
--

ALTER TABLE ONLY public.quizzes
    ADD CONSTRAINT "PK_b24f0f7662cf6b3a0e7dba0a1b4" PRIMARY KEY (id);


--
-- TOC entry 3719 (class 2606 OID 18290)
-- Name: roles PK_c1433d71a4838793a49dcad46ab; Type: CONSTRAINT; Schema: public; Owner: postgres
--

ALTER TABLE ONLY public.roles
    ADD CONSTRAINT "PK_c1433d71a4838793a49dcad46ab" PRIMARY KEY (id);


--
-- TOC entry 3807 (class 2606 OID 18909)
-- Name: learner_achievements PK_d291ec40db72205b3bbf7454771; Type: CONSTRAINT; Schema: public; Owner: postgres
--

ALTER TABLE ONLY public.learner_achievements
    ADD CONSTRAINT "PK_d291ec40db72205b3bbf7454771" PRIMARY KEY (id);


--
-- TOC entry 3747 (class 2606 OID 18557)
-- Name: ai_video_comparison_results PK_ddf10ff4d55464810ebd2849048; Type: CONSTRAINT; Schema: public; Owner: postgres
--

ALTER TABLE ONLY public.ai_video_comparison_results
    ADD CONSTRAINT "PK_ddf10ff4d55464810ebd2849048" PRIMARY KEY (id);


--
-- TOC entry 3795 (class 2606 OID 18841)
-- Name: withdrawal_requests PK_e1b3734a3f3cbd46bf0ad7eedb6; Type: CONSTRAINT; Schema: public; Owner: postgres
--

ALTER TABLE ONLY public.withdrawal_requests
    ADD CONSTRAINT "PK_e1b3734a3f3cbd46bf0ad7eedb6" PRIMARY KEY (id);


--
-- TOC entry 3749 (class 2606 OID 18579)
-- Name: videos PK_e4c86c0cf95aff16e9fb8220f6b; Type: CONSTRAINT; Schema: public; Owner: postgres
--

ALTER TABLE ONLY public.videos
    ADD CONSTRAINT "PK_e4c86c0cf95aff16e9fb8220f6b" PRIMARY KEY (id);


--
-- TOC entry 3728 (class 2606 OID 18354)
-- Name: coaches PK_eddaece1a1f1b197fa39e6864a1; Type: CONSTRAINT; Schema: public; Owner: postgres
--

ALTER TABLE ONLY public.coaches
    ADD CONSTRAINT "PK_eddaece1a1f1b197fa39e6864a1" PRIMARY KEY (id);


--
-- TOC entry 3817 (class 2606 OID 18960)
-- Name: configurations PK_ef9fc29709cc5fc66610fc6a664; Type: CONSTRAINT; Schema: public; Owner: postgres
--

ALTER TABLE ONLY public.configurations
    ADD CONSTRAINT "PK_ef9fc29709cc5fc66610fc6a664" PRIMARY KEY (id);


--
-- TOC entry 3717 (class 2606 OID 18283)
-- Name: errors PK_f1ab2df89a11cd21f48ff90febb; Type: CONSTRAINT; Schema: public; Owner: postgres
--

ALTER TABLE ONLY public.errors
    ADD CONSTRAINT "PK_f1ab2df89a11cd21f48ff90febb" PRIMARY KEY (id);


--
-- TOC entry 3751 (class 2606 OID 18583)
-- Name: videos REL_182fec06ccc92340dd1f2b7c48; Type: CONSTRAINT; Schema: public; Owner: postgres
--

ALTER TABLE ONLY public.videos
    ADD CONSTRAINT "REL_182fec06ccc92340dd1f2b7c48" UNIQUE (session_id);


--
-- TOC entry 3765 (class 2606 OID 18634)
-- Name: quizzes REL_20e0cf0d34e0caedaa8739f632; Type: CONSTRAINT; Schema: public; Owner: postgres
--

ALTER TABLE ONLY public.quizzes
    ADD CONSTRAINT "REL_20e0cf0d34e0caedaa8739f632" UNIQUE (session_id);


--
-- TOC entry 3767 (class 2606 OID 18632)
-- Name: quizzes REL_2cf4e4b5b533af8dc6b38d4fa9; Type: CONSTRAINT; Schema: public; Owner: postgres
--

ALTER TABLE ONLY public.quizzes
    ADD CONSTRAINT "REL_2cf4e4b5b533af8dc6b38d4fa9" UNIQUE (lesson_id);


--
-- TOC entry 3803 (class 2606 OID 18876)
-- Name: wallets REL_2ecdb33f23e9a6fc392025c0b9; Type: CONSTRAINT; Schema: public; Owner: postgres
--

ALTER TABLE ONLY public.wallets
    ADD CONSTRAINT "REL_2ecdb33f23e9a6fc392025c0b9" UNIQUE ("userId");


--
-- TOC entry 3753 (class 2606 OID 18581)
-- Name: videos REL_d97c673372cd82feba22a5895b; Type: CONSTRAINT; Schema: public; Owner: postgres
--

ALTER TABLE ONLY public.videos
    ADD CONSTRAINT "REL_d97c673372cd82feba22a5895b" UNIQUE (lesson_id);


--
-- TOC entry 3841 (class 2606 OID 20126)
-- Name: ai_subject_generations REL_e89bdb39804ae889b1c2ef34c7; Type: CONSTRAINT; Schema: public; Owner: postgres
--

ALTER TABLE ONLY public.ai_subject_generations
    ADD CONSTRAINT "REL_e89bdb39804ae889b1c2ef34c7" UNIQUE (created_subject_id);


--
-- TOC entry 3782 (class 2606 OID 18705)
-- Name: courts UQ_12ded811608969783e5aefa7bc2; Type: CONSTRAINT; Schema: public; Owner: postgres
--

ALTER TABLE ONLY public.courts
    ADD CONSTRAINT "UQ_12ded811608969783e5aefa7bc2" UNIQUE (phone_number);


--
-- TOC entry 3829 (class 2606 OID 18982)
-- Name: users UQ_17d1817f241f10a3dbafb169fd2; Type: CONSTRAINT; Schema: public; Owner: postgres
--

ALTER TABLE ONLY public.users
    ADD CONSTRAINT "UQ_17d1817f241f10a3dbafb169fd2" UNIQUE (phone_number);


--
-- TOC entry 3819 (class 2606 OID 18962)
-- Name: configurations UQ_3c658898252e3694655de8a07e7; Type: CONSTRAINT; Schema: public; Owner: postgres
--

ALTER TABLE ONLY public.configurations
    ADD CONSTRAINT "UQ_3c658898252e3694655de8a07e7" UNIQUE (key);


--
-- TOC entry 3721 (class 2606 OID 18292)
-- Name: roles UQ_648e3f5447f725579d7d4ffdfb7; Type: CONSTRAINT; Schema: public; Owner: postgres
--

ALTER TABLE ONLY public.roles
    ADD CONSTRAINT "UQ_648e3f5447f725579d7d4ffdfb7" UNIQUE (name);


--
-- TOC entry 3831 (class 2606 OID 18980)
-- Name: users UQ_97672ac88f789774dd47f7c8be3; Type: CONSTRAINT; Schema: public; Owner: postgres
--

ALTER TABLE ONLY public.users
    ADD CONSTRAINT "UQ_97672ac88f789774dd47f7c8be3" UNIQUE (email);


--
-- TOC entry 3783 (class 1259 OID 18764)
-- Name: IDX_16fcd8ab8bc042688984d5b393; Type: INDEX; Schema: public; Owner: postgres
--

CREATE INDEX "IDX_16fcd8ab8bc042688984d5b393" ON public.courses USING btree (created_by);


--
-- TOC entry 3820 (class 1259 OID 18984)
-- Name: IDX_17d1817f241f10a3dbafb169fd; Type: INDEX; Schema: public; Owner: postgres
--

CREATE UNIQUE INDEX "IDX_17d1817f241f10a3dbafb169fd" ON public.users USING btree (phone_number);


--
-- TOC entry 3821 (class 1259 OID 18985)
-- Name: IDX_1abbfecef5aefa239aca51ccc5; Type: INDEX; Schema: public; Owner: postgres
--

CREATE INDEX "IDX_1abbfecef5aefa239aca51ccc5" ON public.users USING btree (is_email_verified);


--
-- TOC entry 3822 (class 1259 OID 18987)
-- Name: IDX_20c7aea6112bef71528210f631; Type: INDEX; Schema: public; Owner: postgres
--

CREATE INDEX "IDX_20c7aea6112bef71528210f631" ON public.users USING btree (is_active);


--
-- TOC entry 3790 (class 1259 OID 18820)
-- Name: IDX_3551ca028263550d0a96b2e480; Type: INDEX; Schema: public; Owner: postgres
--

CREATE INDEX "IDX_3551ca028263550d0a96b2e480" ON public.sessions USING btree (schedule_date);


--
-- TOC entry 3815 (class 1259 OID 18963)
-- Name: IDX_3c658898252e3694655de8a07e; Type: INDEX; Schema: public; Owner: postgres
--

CREATE UNIQUE INDEX "IDX_3c658898252e3694655de8a07e" ON public.configurations USING btree (key);


--
-- TOC entry 3777 (class 1259 OID 18707)
-- Name: IDX_5a9e891f75558d9eff3ea25fc7; Type: INDEX; Schema: public; Owner: postgres
--

CREATE INDEX "IDX_5a9e891f75558d9eff3ea25fc7" ON public.courts USING btree (district_id);


--
-- TOC entry 3811 (class 1259 OID 18938)
-- Name: IDX_5c049bcfd1bdc064529502cea6; Type: INDEX; Schema: public; Owner: postgres
--

CREATE INDEX "IDX_5c049bcfd1bdc064529502cea6" ON public.achievement_progresses USING btree (user_id);


--
-- TOC entry 3808 (class 1259 OID 18928)
-- Name: IDX_6261fe3636483beee9db8fd370; Type: INDEX; Schema: public; Owner: postgres
--

CREATE INDEX "IDX_6261fe3636483beee9db8fd370" ON public.achievements USING btree (type);


--
-- TOC entry 3812 (class 1259 OID 18937)
-- Name: IDX_7bbff2ff7709c4bfe2ec171cb0; Type: INDEX; Schema: public; Owner: postgres
--

CREATE INDEX "IDX_7bbff2ff7709c4bfe2ec171cb0" ON public.achievement_progresses USING btree (achievement_id);


--
-- TOC entry 3823 (class 1259 OID 18983)
-- Name: IDX_97672ac88f789774dd47f7c8be; Type: INDEX; Schema: public; Owner: postgres
--

CREATE UNIQUE INDEX "IDX_97672ac88f789774dd47f7c8be" ON public.users USING btree (email);


--
-- TOC entry 3772 (class 1259 OID 18686)
-- Name: IDX_9d451638507b11822dc411a2df; Type: INDEX; Schema: public; Owner: postgres
--

CREATE INDEX "IDX_9d451638507b11822dc411a2df" ON public.districts USING btree (province_id);


--
-- TOC entry 3824 (class 1259 OID 18988)
-- Name: IDX_a2cecd1a3531c0b041e29ba46e; Type: INDEX; Schema: public; Owner: postgres
--

CREATE INDEX "IDX_a2cecd1a3531c0b041e29ba46e" ON public.users USING btree (role_id);


--
-- TOC entry 3726 (class 1259 OID 18355)
-- Name: IDX_bd9923ac72efde2d5895e118fa; Type: INDEX; Schema: public; Owner: postgres
--

CREATE INDEX "IDX_bd9923ac72efde2d5895e118fa" ON public.coaches USING btree (user_id);


--
-- TOC entry 3825 (class 1259 OID 18986)
-- Name: IDX_bebf1fbe5e53ca226f1eaecf89; Type: INDEX; Schema: public; Owner: postgres
--

CREATE INDEX "IDX_bebf1fbe5e53ca226f1eaecf89" ON public.users USING btree (is_phone_verified);


--
-- TOC entry 3778 (class 1259 OID 18706)
-- Name: IDX_c4cf3edb31229f04612c833e48; Type: INDEX; Schema: public; Owner: postgres
--

CREATE INDEX "IDX_c4cf3edb31229f04612c833e48" ON public.courts USING btree (province_id);


--
-- TOC entry 3745 (class 1259 OID 18558)
-- Name: IDX_ce6caf58efab20a6485b1e465e; Type: INDEX; Schema: public; Owner: postgres
--

CREATE INDEX "IDX_ce6caf58efab20a6485b1e465e" ON public.ai_video_comparison_results USING btree (learner_video_id);


--
-- TOC entry 3791 (class 1259 OID 18821)
-- Name: IDX_d57f1751111f794b17f4dd9a64; Type: INDEX; Schema: public; Owner: postgres
--

CREATE INDEX "IDX_d57f1751111f794b17f4dd9a64" ON public.sessions USING btree (status);


--
-- TOC entry 3884 (class 2606 OID 19206)
-- Name: courses FK_05f921ecf5310e1204a95d824a9; Type: FK CONSTRAINT; Schema: public; Owner: postgres
--

ALTER TABLE ONLY public.courses
    ADD CONSTRAINT "FK_05f921ecf5310e1204a95d824a9" FOREIGN KEY (subject_id) REFERENCES public.subjects(id);


--
-- TOC entry 3905 (class 2606 OID 19311)
-- Name: configurations FK_06000e3d345edfed86dde6d4b28; Type: FK CONSTRAINT; Schema: public; Owner: postgres
--

ALTER TABLE ONLY public.configurations
    ADD CONSTRAINT "FK_06000e3d345edfed86dde6d4b28" FOREIGN KEY (created_by) REFERENCES public.users(id);


--
-- TOC entry 3893 (class 2606 OID 19251)
-- Name: withdrawal_requests FK_09ba365288c710bc15432553fcd; Type: FK CONSTRAINT; Schema: public; Owner: postgres
--

ALTER TABLE ONLY public.withdrawal_requests
    ADD CONSTRAINT "FK_09ba365288c710bc15432553fcd" FOREIGN KEY (wallet_id) REFERENCES public.wallets(id) ON DELETE CASCADE;


--
-- TOC entry 3879 (class 2606 OID 19176)
-- Name: lessons FK_0a4d6534fe0b7cd9470041389cb; Type: FK CONSTRAINT; Schema: public; Owner: postgres
--

ALTER TABLE ONLY public.lessons
    ADD CONSTRAINT "FK_0a4d6534fe0b7cd9470041389cb" FOREIGN KEY (subject_id) REFERENCES public.subjects(id) ON DELETE CASCADE;


--
-- TOC entry 3912 (class 2606 OID 20128)
-- Name: ai_subject_generations FK_10ac614c7b60c7b87ec8bc20d94; Type: FK CONSTRAINT; Schema: public; Owner: postgres
--

ALTER TABLE ONLY public.ai_subject_generations
    ADD CONSTRAINT "FK_10ac614c7b60c7b87ec8bc20d94" FOREIGN KEY (requested_by) REFERENCES public.users(id);


--
-- TOC entry 3866 (class 2606 OID 19111)
-- Name: videos FK_159f8e5c7959016a0863ec419a3; Type: FK CONSTRAINT; Schema: public; Owner: postgres
--

ALTER TABLE ONLY public.videos
    ADD CONSTRAINT "FK_159f8e5c7959016a0863ec419a3" FOREIGN KEY ("uploadedById") REFERENCES public.users(id);


--
-- TOC entry 3885 (class 2606 OID 19201)
-- Name: courses FK_16fcd8ab8bc042688984d5b3934; Type: FK CONSTRAINT; Schema: public; Owner: postgres
--

ALTER TABLE ONLY public.courses
    ADD CONSTRAINT "FK_16fcd8ab8bc042688984d5b3934" FOREIGN KEY (created_by) REFERENCES public.users(id) ON DELETE SET NULL;


--
-- TOC entry 3867 (class 2606 OID 19121)
-- Name: videos FK_182fec06ccc92340dd1f2b7c48a; Type: FK CONSTRAINT; Schema: public; Owner: postgres
--

ALTER TABLE ONLY public.videos
    ADD CONSTRAINT "FK_182fec06ccc92340dd1f2b7c48a" FOREIGN KEY (session_id) REFERENCES public.sessions(id);


--
-- TOC entry 3853 (class 2606 OID 19046)
-- Name: payments FK_1a390dc6ab65942f1ab577b7b65; Type: FK CONSTRAINT; Schema: public; Owner: postgres
--

ALTER TABLE ONLY public.payments
    ADD CONSTRAINT "FK_1a390dc6ab65942f1ab577b7b65" FOREIGN KEY (enrollment_id) REFERENCES public.enrollments(id) ON DELETE CASCADE;


--
-- TOC entry 3886 (class 2606 OID 19216)
-- Name: courses FK_20a93d6e031c4139388696927e7; Type: FK CONSTRAINT; Schema: public; Owner: postgres
--

ALTER TABLE ONLY public.courses
    ADD CONSTRAINT "FK_20a93d6e031c4139388696927e7" FOREIGN KEY (court_id) REFERENCES public.courts(id);


--
-- TOC entry 3876 (class 2606 OID 19171)
-- Name: quizzes FK_20e0cf0d34e0caedaa8739f6322; Type: FK CONSTRAINT; Schema: public; Owner: postgres
--

ALTER TABLE ONLY public.quizzes
    ADD CONSTRAINT "FK_20e0cf0d34e0caedaa8739f6322" FOREIGN KEY (session_id) REFERENCES public.sessions(id);


--
-- TOC entry 3849 (class 2606 OID 19021)
-- Name: request_actions FK_28fe00d6aca3eb711eae98f8cc6; Type: FK CONSTRAINT; Schema: public; Owner: postgres
--

ALTER TABLE ONLY public.request_actions
    ADD CONSTRAINT "FK_28fe00d6aca3eb711eae98f8cc6" FOREIGN KEY (handled_by) REFERENCES public.users(id) ON DELETE CASCADE;


--
-- TOC entry 3890 (class 2606 OID 19246)
-- Name: sessions FK_2af6797a45b0470e28accc8a201; Type: FK CONSTRAINT; Schema: public; Owner: postgres
--

ALTER TABLE ONLY public.sessions
    ADD CONSTRAINT "FK_2af6797a45b0470e28accc8a201" FOREIGN KEY (schedule_id) REFERENCES public.schedules(id) ON DELETE SET NULL;


--
-- TOC entry 3877 (class 2606 OID 19166)
-- Name: quizzes FK_2cf4e4b5b533af8dc6b38d4fa9b; Type: FK CONSTRAINT; Schema: public; Owner: postgres
--

ALTER TABLE ONLY public.quizzes
    ADD CONSTRAINT "FK_2cf4e4b5b533af8dc6b38d4fa9b" FOREIGN KEY (lesson_id) REFERENCES public.lessons(id);


--
-- TOC entry 3851 (class 2606 OID 19031)
-- Name: requests FK_2d487b151e34f5924c3d8adb5da; Type: FK CONSTRAINT; Schema: public; Owner: postgres
--

ALTER TABLE ONLY public.requests
    ADD CONSTRAINT "FK_2d487b151e34f5924c3d8adb5da" FOREIGN KEY (created_by) REFERENCES public.users(id) ON DELETE CASCADE;


--
-- TOC entry 3897 (class 2606 OID 19271)
-- Name: wallets FK_2ecdb33f23e9a6fc392025c0b97; Type: FK CONSTRAINT; Schema: public; Owner: postgres
--

ALTER TABLE ONLY public.wallets
    ADD CONSTRAINT "FK_2ecdb33f23e9a6fc392025c0b97" FOREIGN KEY ("userId") REFERENCES public.users(id) ON DELETE CASCADE;


--
-- TOC entry 3891 (class 2606 OID 19241)
-- Name: sessions FK_36fcb4c47cd68e624fd5911eda9; Type: FK CONSTRAINT; Schema: public; Owner: postgres
--

ALTER TABLE ONLY public.sessions
    ADD CONSTRAINT "FK_36fcb4c47cd68e624fd5911eda9" FOREIGN KEY (lesson_id) REFERENCES public.lessons(id) ON DELETE SET NULL;


--
-- TOC entry 3861 (class 2606 OID 19091)
-- Name: learner_videos FK_37fb5e426810144dcbbbc4ab2b2; Type: FK CONSTRAINT; Schema: public; Owner: postgres
--

ALTER TABLE ONLY public.learner_videos
    ADD CONSTRAINT "FK_37fb5e426810144dcbbbc4ab2b2" FOREIGN KEY (session_id) REFERENCES public.sessions(id);


--
-- TOC entry 3910 (class 2606 OID 19341)
-- Name: achievement_tracking FK_3b969edab73c3cd88c0dc030689; Type: FK CONSTRAINT; Schema: public; Owner: postgres
--

ALTER TABLE ONLY public.achievement_tracking
    ADD CONSTRAINT "FK_3b969edab73c3cd88c0dc030689" FOREIGN KEY (achievement_id) REFERENCES public.achievements(id) ON DELETE CASCADE;


--
-- TOC entry 3869 (class 2606 OID 19126)
-- Name: quiz_attempts FK_3c151c1db4d493cee059d94aeb8; Type: FK CONSTRAINT; Schema: public; Owner: postgres
--

ALTER TABLE ONLY public.quiz_attempts
    ADD CONSTRAINT "FK_3c151c1db4d493cee059d94aeb8" FOREIGN KEY (attempted_by) REFERENCES public.users(id);


--
-- TOC entry 3862 (class 2606 OID 19096)
-- Name: learner_videos FK_4591a94b323626ab13890a5214b; Type: FK CONSTRAINT; Schema: public; Owner: postgres
--

ALTER TABLE ONLY public.learner_videos
    ADD CONSTRAINT "FK_4591a94b323626ab13890a5214b" FOREIGN KEY (video_id) REFERENCES public.videos(id);


--
-- TOC entry 3875 (class 2606 OID 19156)
-- Name: questions FK_46b3c125e02f7242662e4ccb307; Type: FK CONSTRAINT; Schema: public; Owner: postgres
--

ALTER TABLE ONLY public.questions
    ADD CONSTRAINT "FK_46b3c125e02f7242662e4ccb307" FOREIGN KEY (quiz_id) REFERENCES public.quizzes(id) ON DELETE CASCADE;


--
-- TOC entry 3859 (class 2606 OID 19076)
-- Name: learner_progresses FK_47edc74266d1ccf71687a8b5d96; Type: FK CONSTRAINT; Schema: public; Owner: postgres
--

ALTER TABLE ONLY public.learner_progresses
    ADD CONSTRAINT "FK_47edc74266d1ccf71687a8b5d96" FOREIGN KEY (user_id) REFERENCES public.users(id) ON DELETE CASCADE;


--
-- TOC entry 3871 (class 2606 OID 19146)
-- Name: learner_answers FK_57238eb2290f2081def653b4ac1; Type: FK CONSTRAINT; Schema: public; Owner: postgres
--

ALTER TABLE ONLY public.learner_answers
    ADD CONSTRAINT "FK_57238eb2290f2081def653b4ac1" FOREIGN KEY (question_option_id) REFERENCES public.question_options(id) ON DELETE CASCADE;


--
-- TOC entry 3914 (class 2606 OID 20164)
-- Name: ai_learner_progress_analyses FK_582d55704ca951e2fc71fa002e1; Type: FK CONSTRAINT; Schema: public; Owner: postgres
--

ALTER TABLE ONLY public.ai_learner_progress_analyses
    ADD CONSTRAINT "FK_582d55704ca951e2fc71fa002e1" FOREIGN KEY (learner_progress_id) REFERENCES public.learner_progresses(id) ON DELETE CASCADE;


--
-- TOC entry 3907 (class 2606 OID 19326)
-- Name: users FK_58838300035602d7b58c5e60b04; Type: FK CONSTRAINT; Schema: public; Owner: postgres
--

ALTER TABLE ONLY public.users
    ADD CONSTRAINT "FK_58838300035602d7b58c5e60b04" FOREIGN KEY (province_id) REFERENCES public.provinces(id);


--
-- TOC entry 3882 (class 2606 OID 19196)
-- Name: courts FK_5a9e891f75558d9eff3ea25fc71; Type: FK CONSTRAINT; Schema: public; Owner: postgres
--

ALTER TABLE ONLY public.courts
    ADD CONSTRAINT "FK_5a9e891f75558d9eff3ea25fc71" FOREIGN KEY (district_id) REFERENCES public.districts(id);


--
-- TOC entry 3903 (class 2606 OID 19306)
-- Name: achievement_progresses FK_5c049bcfd1bdc064529502cea6b; Type: FK CONSTRAINT; Schema: public; Owner: postgres
--

ALTER TABLE ONLY public.achievement_progresses
    ADD CONSTRAINT "FK_5c049bcfd1bdc064529502cea6b" FOREIGN KEY (user_id) REFERENCES public.users(id);


--
-- TOC entry 3894 (class 2606 OID 19261)
-- Name: wallet_transactions FK_5c9c1f45c2ecec8d6cc8b8691e3; Type: FK CONSTRAINT; Schema: public; Owner: postgres
--

ALTER TABLE ONLY public.wallet_transactions
    ADD CONSTRAINT "FK_5c9c1f45c2ecec8d6cc8b8691e3" FOREIGN KEY (session_id) REFERENCES public.sessions(id) ON DELETE CASCADE;


--
-- TOC entry 3906 (class 2606 OID 19316)
-- Name: configurations FK_5e0eaa5b677fd4a19ce7b213738; Type: FK CONSTRAINT; Schema: public; Owner: postgres
--

ALTER TABLE ONLY public.configurations
    ADD CONSTRAINT "FK_5e0eaa5b677fd4a19ce7b213738" FOREIGN KEY (updated_by) REFERENCES public.users(id);


--
-- TOC entry 3856 (class 2606 OID 19066)
-- Name: feedbacks FK_6d546ce04387d6771f8b8741ae4; Type: FK CONSTRAINT; Schema: public; Owner: postgres
--

ALTER TABLE ONLY public.feedbacks
    ADD CONSTRAINT "FK_6d546ce04387d6771f8b8741ae4" FOREIGN KEY (received_by) REFERENCES public.users(id);


--
-- TOC entry 3857 (class 2606 OID 19061)
-- Name: feedbacks FK_7b22ba79bc96412a7315accda1e; Type: FK CONSTRAINT; Schema: public; Owner: postgres
--

ALTER TABLE ONLY public.feedbacks
    ADD CONSTRAINT "FK_7b22ba79bc96412a7315accda1e" FOREIGN KEY (created_by) REFERENCES public.users(id);


--
-- TOC entry 3904 (class 2606 OID 19301)
-- Name: achievement_progresses FK_7bbff2ff7709c4bfe2ec171cb08; Type: FK CONSTRAINT; Schema: public; Owner: postgres
--

ALTER TABLE ONLY public.achievement_progresses
    ADD CONSTRAINT "FK_7bbff2ff7709c4bfe2ec171cb08" FOREIGN KEY (achievement_id) REFERENCES public.achievements(id);


--
-- TOC entry 3850 (class 2606 OID 19026)
-- Name: request_actions FK_8c6c5b31c8d9f2571c99dd4550b; Type: FK CONSTRAINT; Schema: public; Owner: postgres
--

ALTER TABLE ONLY public.request_actions
    ADD CONSTRAINT "FK_8c6c5b31c8d9f2571c99dd4550b" FOREIGN KEY (request_id) REFERENCES public.requests(id) ON DELETE CASCADE;


--
-- TOC entry 3846 (class 2606 OID 19011)
-- Name: credentials FK_8cbbe3785bbd0c6af75acac1bfe; Type: FK CONSTRAINT; Schema: public; Owner: postgres
--

ALTER TABLE ONLY public.credentials
    ADD CONSTRAINT "FK_8cbbe3785bbd0c6af75acac1bfe" FOREIGN KEY (coach_id) REFERENCES public.coaches(id) ON DELETE CASCADE;


--
-- TOC entry 3864 (class 2606 OID 19106)
-- Name: ai_video_comparison_results FK_8f9dd918b2f5f9b0f701e9f3a58; Type: FK CONSTRAINT; Schema: public; Owner: postgres
--

ALTER TABLE ONLY public.ai_video_comparison_results
    ADD CONSTRAINT "FK_8f9dd918b2f5f9b0f701e9f3a58" FOREIGN KEY (video_id) REFERENCES public.videos(id);


--
-- TOC entry 3845 (class 2606 OID 19006)
-- Name: notifications FK_9a8a82462cab47c73d25f49261f; Type: FK CONSTRAINT; Schema: public; Owner: postgres
--

ALTER TABLE ONLY public.notifications
    ADD CONSTRAINT "FK_9a8a82462cab47c73d25f49261f" FOREIGN KEY (user_id) REFERENCES public.users(id);


--
-- TOC entry 3881 (class 2606 OID 19186)
-- Name: districts FK_9d451638507b11822dc411a2dfe; Type: FK CONSTRAINT; Schema: public; Owner: postgres
--

ALTER TABLE ONLY public.districts
    ADD CONSTRAINT "FK_9d451638507b11822dc411a2dfe" FOREIGN KEY (province_id) REFERENCES public.provinces(id);


--
-- TOC entry 3844 (class 2606 OID 19001)
-- Name: errors FK_9ebca22261064ed68a1c894017e; Type: FK CONSTRAINT; Schema: public; Owner: postgres
--

ALTER TABLE ONLY public.errors
    ADD CONSTRAINT "FK_9ebca22261064ed68a1c894017e" FOREIGN KEY (user_id) REFERENCES public.users(id);


--
-- TOC entry 3908 (class 2606 OID 19321)
-- Name: users FK_a2cecd1a3531c0b041e29ba46e1; Type: FK CONSTRAINT; Schema: public; Owner: postgres
--

ALTER TABLE ONLY public.users
    ADD CONSTRAINT "FK_a2cecd1a3531c0b041e29ba46e1" FOREIGN KEY (role_id) REFERENCES public.roles(id);


--
-- TOC entry 3900 (class 2606 OID 19286)
-- Name: learner_achievements FK_a77d3e9606c8288f6bc5a148132; Type: FK CONSTRAINT; Schema: public; Owner: postgres
--

ALTER TABLE ONLY public.learner_achievements
    ADD CONSTRAINT "FK_a77d3e9606c8288f6bc5a148132" FOREIGN KEY (achievement_id) REFERENCES public.achievements(id) ON DELETE CASCADE;


--
-- TOC entry 3872 (class 2606 OID 19141)
-- Name: learner_answers FK_a88a71b4134638af1e0b211db36; Type: FK CONSTRAINT; Schema: public; Owner: postgres
--

ALTER TABLE ONLY public.learner_answers
    ADD CONSTRAINT "FK_a88a71b4134638af1e0b211db36" FOREIGN KEY (quiz_attempt_id) REFERENCES public.quiz_attempts(id) ON DELETE CASCADE;


--
-- TOC entry 3887 (class 2606 OID 19221)
-- Name: attendances FK_aa902e05aeb5fde7c1dd4ced2b7; Type: FK CONSTRAINT; Schema: public; Owner: postgres
--

ALTER TABLE ONLY public.attendances
    ADD CONSTRAINT "FK_aa902e05aeb5fde7c1dd4ced2b7" FOREIGN KEY (user_id) REFERENCES public.users(id) ON DELETE CASCADE;


--
-- TOC entry 3852 (class 2606 OID 19041)
-- Name: schedules FK_b1e10ac4dc72412af1c3f4d736d; Type: FK CONSTRAINT; Schema: public; Owner: postgres
--

ALTER TABLE ONLY public.schedules
    ADD CONSTRAINT "FK_b1e10ac4dc72412af1c3f4d736d" FOREIGN KEY (course_id) REFERENCES public.courses(id) ON DELETE CASCADE;


--
-- TOC entry 3860 (class 2606 OID 19081)
-- Name: learner_progresses FK_b21b5f43200685ef0309fc36a5e; Type: FK CONSTRAINT; Schema: public; Owner: postgres
--

ALTER TABLE ONLY public.learner_progresses
    ADD CONSTRAINT "FK_b21b5f43200685ef0309fc36a5e" FOREIGN KEY (course_id) REFERENCES public.courses(id) ON DELETE CASCADE;


--
-- TOC entry 3858 (class 2606 OID 19071)
-- Name: feedbacks FK_b46afcad144f370d8a4c55ea498; Type: FK CONSTRAINT; Schema: public; Owner: postgres
--

ALTER TABLE ONLY public.feedbacks
    ADD CONSTRAINT "FK_b46afcad144f370d8a4c55ea498" FOREIGN KEY (course_id) REFERENCES public.courses(id);


--
-- TOC entry 3854 (class 2606 OID 19051)
-- Name: enrollments FK_b79d0bf01779fdf9cfb6b092af3; Type: FK CONSTRAINT; Schema: public; Owner: postgres
--

ALTER TABLE ONLY public.enrollments
    ADD CONSTRAINT "FK_b79d0bf01779fdf9cfb6b092af3" FOREIGN KEY (course_id) REFERENCES public.courses(id) ON DELETE CASCADE;


--
-- TOC entry 3892 (class 2606 OID 19236)
-- Name: sessions FK_b8cfc5397ec5c262e83f2bf5fbe; Type: FK CONSTRAINT; Schema: public; Owner: postgres
--

ALTER TABLE ONLY public.sessions
    ADD CONSTRAINT "FK_b8cfc5397ec5c262e83f2bf5fbe" FOREIGN KEY (course_id) REFERENCES public.courses(id) ON DELETE CASCADE;


--
-- TOC entry 3873 (class 2606 OID 19136)
-- Name: learner_answers FK_b93f29c3adfa47910e5cbc741b6; Type: FK CONSTRAINT; Schema: public; Owner: postgres
--

ALTER TABLE ONLY public.learner_answers
    ADD CONSTRAINT "FK_b93f29c3adfa47910e5cbc741b6" FOREIGN KEY (question_id) REFERENCES public.questions(id) ON DELETE CASCADE;


--
-- TOC entry 3848 (class 2606 OID 19016)
-- Name: coaches FK_bd9923ac72efde2d5895e118fa8; Type: FK CONSTRAINT; Schema: public; Owner: postgres
--

ALTER TABLE ONLY public.coaches
    ADD CONSTRAINT "FK_bd9923ac72efde2d5895e118fa8" FOREIGN KEY (user_id) REFERENCES public.users(id) ON DELETE CASCADE;


--
-- TOC entry 3898 (class 2606 OID 19276)
-- Name: wallets FK_c01e18c6a4c6407cfdb1a14a09c; Type: FK CONSTRAINT; Schema: public; Owner: postgres
--

ALTER TABLE ONLY public.wallets
    ADD CONSTRAINT "FK_c01e18c6a4c6407cfdb1a14a09c" FOREIGN KEY (bank_id) REFERENCES public.banks(id);


--
-- TOC entry 3899 (class 2606 OID 19281)
-- Name: learners FK_c0b73ed1f75467ac6b3d5a208b0; Type: FK CONSTRAINT; Schema: public; Owner: postgres
--

ALTER TABLE ONLY public.learners
    ADD CONSTRAINT "FK_c0b73ed1f75467ac6b3d5a208b0" FOREIGN KEY (user_id) REFERENCES public.users(id) ON DELETE CASCADE;


--
-- TOC entry 3883 (class 2606 OID 19191)
-- Name: courts FK_c4cf3edb31229f04612c833e483; Type: FK CONSTRAINT; Schema: public; Owner: postgres
--

ALTER TABLE ONLY public.courts
    ADD CONSTRAINT "FK_c4cf3edb31229f04612c833e483" FOREIGN KEY (province_id) REFERENCES public.provinces(id);


--
-- TOC entry 3895 (class 2606 OID 19256)
-- Name: wallet_transactions FK_c57d19129968160f4db28fc8b28; Type: FK CONSTRAINT; Schema: public; Owner: postgres
--

ALTER TABLE ONLY public.wallet_transactions
    ADD CONSTRAINT "FK_c57d19129968160f4db28fc8b28" FOREIGN KEY (wallet_id) REFERENCES public.wallets(id) ON DELETE CASCADE;


--
-- TOC entry 3888 (class 2606 OID 19226)
-- Name: attendances FK_ccb4752e27a2927234e1f3dc960; Type: FK CONSTRAINT; Schema: public; Owner: postgres
--

ALTER TABLE ONLY public.attendances
    ADD CONSTRAINT "FK_ccb4752e27a2927234e1f3dc960" FOREIGN KEY (session_id) REFERENCES public.sessions(id) ON DELETE CASCADE;


--
-- TOC entry 3865 (class 2606 OID 19101)
-- Name: ai_video_comparison_results FK_ce6caf58efab20a6485b1e465e2; Type: FK CONSTRAINT; Schema: public; Owner: postgres
--

ALTER TABLE ONLY public.ai_video_comparison_results
    ADD CONSTRAINT "FK_ce6caf58efab20a6485b1e465e2" FOREIGN KEY (learner_video_id) REFERENCES public.learner_videos(id);


--
-- TOC entry 3863 (class 2606 OID 19086)
-- Name: learner_videos FK_cf04457186a977ccc49446bec52; Type: FK CONSTRAINT; Schema: public; Owner: postgres
--

ALTER TABLE ONLY public.learner_videos
    ADD CONSTRAINT "FK_cf04457186a977ccc49446bec52" FOREIGN KEY (user_id) REFERENCES public.users(id);


--
-- TOC entry 3889 (class 2606 OID 19231)
-- Name: session_earnings FK_d0660e6799fc1ee26ffd3c3c381; Type: FK CONSTRAINT; Schema: public; Owner: postgres
--

ALTER TABLE ONLY public.session_earnings
    ADD CONSTRAINT "FK_d0660e6799fc1ee26ffd3c3c381" FOREIGN KEY (session_id) REFERENCES public.sessions(id) ON DELETE CASCADE;


--
-- TOC entry 3870 (class 2606 OID 19131)
-- Name: quiz_attempts FK_d244675816bf64833d8ecd67830; Type: FK CONSTRAINT; Schema: public; Owner: postgres
--

ALTER TABLE ONLY public.quiz_attempts
    ADD CONSTRAINT "FK_d244675816bf64833d8ecd67830" FOREIGN KEY (session_id) REFERENCES public.sessions(id);


--
-- TOC entry 3868 (class 2606 OID 19116)
-- Name: videos FK_d97c673372cd82feba22a5895ba; Type: FK CONSTRAINT; Schema: public; Owner: postgres
--

ALTER TABLE ONLY public.videos
    ADD CONSTRAINT "FK_d97c673372cd82feba22a5895ba" FOREIGN KEY (lesson_id) REFERENCES public.lessons(id);


--
-- TOC entry 3880 (class 2606 OID 19181)
-- Name: subjects FK_dde0f93208e57c8603673bfdf46; Type: FK CONSTRAINT; Schema: public; Owner: postgres
--

ALTER TABLE ONLY public.subjects
    ADD CONSTRAINT "FK_dde0f93208e57c8603673bfdf46" FOREIGN KEY ("createdById") REFERENCES public.users(id) ON DELETE SET NULL;


--
-- TOC entry 3901 (class 2606 OID 19291)
-- Name: learner_achievements FK_df9cac0ea1f4f223ad48efdb119; Type: FK CONSTRAINT; Schema: public; Owner: postgres
--

ALTER TABLE ONLY public.learner_achievements
    ADD CONSTRAINT "FK_df9cac0ea1f4f223ad48efdb119" FOREIGN KEY (user_id) REFERENCES public.users(id);


--
-- TOC entry 3878 (class 2606 OID 19161)
-- Name: quizzes FK_e3eb6001c54316dd29d4ba32de4; Type: FK CONSTRAINT; Schema: public; Owner: postgres
--

ALTER TABLE ONLY public.quizzes
    ADD CONSTRAINT "FK_e3eb6001c54316dd29d4ba32de4" FOREIGN KEY ("createdById") REFERENCES public.users(id);


--
-- TOC entry 3847 (class 2606 OID 19454)
-- Name: credentials FK_e593742660d085b1c7e8434c808; Type: FK CONSTRAINT; Schema: public; Owner: postgres
--

ALTER TABLE ONLY public.credentials
    ADD CONSTRAINT "FK_e593742660d085b1c7e8434c808" FOREIGN KEY (base_credential_id) REFERENCES public.base_credentials(id) ON DELETE SET NULL;


--
-- TOC entry 3913 (class 2606 OID 20133)
-- Name: ai_subject_generations FK_e89bdb39804ae889b1c2ef34c7b; Type: FK CONSTRAINT; Schema: public; Owner: postgres
--

ALTER TABLE ONLY public.ai_subject_generations
    ADD CONSTRAINT "FK_e89bdb39804ae889b1c2ef34c7b" FOREIGN KEY (created_subject_id) REFERENCES public.subjects(id);


--
-- TOC entry 3909 (class 2606 OID 19331)
-- Name: users FK_efc03fc2a5902ef17fb8a2bdcc2; Type: FK CONSTRAINT; Schema: public; Owner: postgres
--

ALTER TABLE ONLY public.users
    ADD CONSTRAINT "FK_efc03fc2a5902ef17fb8a2bdcc2" FOREIGN KEY (district_id) REFERENCES public.districts(id);


--
-- TOC entry 3902 (class 2606 OID 19296)
-- Name: achievements FK_f013825ee12ed3dbe4503bd8b68; Type: FK CONSTRAINT; Schema: public; Owner: postgres
--

ALTER TABLE ONLY public.achievements
    ADD CONSTRAINT "FK_f013825ee12ed3dbe4503bd8b68" FOREIGN KEY (created_by) REFERENCES public.users(id);


--
-- TOC entry 3874 (class 2606 OID 19151)
-- Name: question_options FK_f0b7aaabd3f88e700daf0fe681c; Type: FK CONSTRAINT; Schema: public; Owner: postgres
--

ALTER TABLE ONLY public.question_options
    ADD CONSTRAINT "FK_f0b7aaabd3f88e700daf0fe681c" FOREIGN KEY (question_id) REFERENCES public.questions(id) ON DELETE CASCADE;


--
-- TOC entry 3911 (class 2606 OID 19336)
-- Name: achievement_tracking FK_f24eb621ff0f8c3126adea9b244; Type: FK CONSTRAINT; Schema: public; Owner: postgres
--

ALTER TABLE ONLY public.achievement_tracking
    ADD CONSTRAINT "FK_f24eb621ff0f8c3126adea9b244" FOREIGN KEY (user_id) REFERENCES public.users(id) ON DELETE CASCADE;


--
-- TOC entry 3896 (class 2606 OID 19266)
-- Name: wallet_transactions FK_fcca97f70af59b1dcd047024c3c; Type: FK CONSTRAINT; Schema: public; Owner: postgres
--

ALTER TABLE ONLY public.wallet_transactions
    ADD CONSTRAINT "FK_fcca97f70af59b1dcd047024c3c" FOREIGN KEY (withdrawal_request_id) REFERENCES public.withdrawal_requests(id) ON DELETE CASCADE;


--
-- TOC entry 3915 (class 2606 OID 20154)
-- Name: ai_learner_progress_analyses FK_fefcbf4ff637e3de8b3d8c73d0b; Type: FK CONSTRAINT; Schema: public; Owner: postgres
--

ALTER TABLE ONLY public.ai_learner_progress_analyses
    ADD CONSTRAINT "FK_fefcbf4ff637e3de8b3d8c73d0b" FOREIGN KEY (user_id) REFERENCES public.users(id) ON DELETE CASCADE;


--
-- TOC entry 3855 (class 2606 OID 19056)
-- Name: enrollments FK_ff997f5a39cd24a491b9aca45c9; Type: FK CONSTRAINT; Schema: public; Owner: postgres
--

ALTER TABLE ONLY public.enrollments
    ADD CONSTRAINT "FK_ff997f5a39cd24a491b9aca45c9" FOREIGN KEY (user_id) REFERENCES public.users(id) ON DELETE CASCADE;


-- Completed on 2025-12-15 08:27:53

--
-- PostgreSQL database dump complete
--

\unrestrict aUqK7jt6qGrQfKLPi8MrLcJS0zrYVDH6NFdbUMETRAMkrdIPoJY7xt1C6JbyG5k

